nearest_facility_id,nearest_facility_type,month,detections,active_days,mean_frp_mw,max_frp_mw
L100000102032,coal_power,1,3,3,0.49,0.68
L100000102032,coal_power,2,4,4,3.9775,12.87
L100000102032,coal_power,3,2,2,1.03,1.36
L100000102032,coal_power,5,3,3,1.4033333333333333,1.67
L100000102032,coal_power,9,1,1,1.09,1.09
L100000102032,coal_power,11,2,2,1.17,1.24
L100000102048,coal_power,2,2,1,5.949999999999999,6.43
L100000102050,coal_power,4,2,1,4.35,5.45
L100000102050,coal_power,5,1,1,5.61,5.61
L100000102050,coal_power,6,3,3,6.506666666666667,9.76
L100000102060,coal_power,2,2,1,1.34,2.02
L100000102065,coal_power,1,3,1,1.2133333333333334,1.52
L100000102071,coal_power,3,1,1,18.96,18.96
L100000102071,coal_power,4,1,1,5.02,5.02
L100000102072,coal_power,12,2,1,2.02,2.62
L100000102075,coal_power,12,1,1,8.09,8.09
L100000102076,coal_power,12,1,1,3.96,3.96
L100000102078,coal_power,3,3,3,4.413333333333333,5.83
L100000102078,coal_power,5,1,1,3.76,3.76
L100000102082,coal_power,1,66,26,1.5654545454545457,5.15
L100000102082,coal_power,2,55,24,1.802,5.14
L100000102082,coal_power,3,71,25,2.4866197183098593,8.95
L100000102082,coal_power,4,45,20,2.967777777777778,7.16
L100000102082,coal_power,5,36,15,2.1769444444444446,5.1
L100000102082,coal_power,6,9,6,3.2755555555555556,6.19
L100000102082,coal_power,7,14,4,2.1285714285714286,4.28
L100000102082,coal_power,8,16,9,2.57125,8.52
L100000102082,coal_power,9,32,15,2.3784375,5.32
L100000102082,coal_power,10,46,18,2.1360869565217393,6.42
L100000102082,coal_power,11,95,27,2.666736842105263,6.92
L100000102082,coal_power,12,142,29,2.522605633802817,9.18
L100000102111,coal_power,11,1,1,0.57,0.57
L100000102118,coal_power,12,1,1,4.39,4.39
L100000102121,coal_power,3,1,1,5.35,5.35
L100000102122,coal_power,1,3,3,2.56,3.04
L100000102122,coal_power,12,4,3,4.7075,7.35
L100000102123,coal_power,12,1,1,8.59,8.59
L100000102125,coal_power,3,1,1,2.22,2.22
L100000102128,coal_power,1,2,1,7.585,7.62
L100000102128,coal_power,12,1,1,2.07,2.07
L100000102132,coal_power,3,1,1,2.89,2.89
L100000102134,coal_power,12,6,4,4.235,9.23
L100000102135,coal_power,2,1,1,2.5,2.5
L100000102135,coal_power,3,1,1,3.48,3.48
L100000102138,coal_power,1,1,1,12.0,12.0
L100000102139,coal_power,1,1,1,2.12,2.12
L100000102140,coal_power,1,1,1,2.82,2.82
L100000102140,coal_power,12,1,1,4.38,4.38
L100000102141,coal_power,1,1,1,8.3,8.3
L100000102141,coal_power,12,2,2,1.7149999999999999,2.09
L100000102142,coal_power,5,1,1,0.65,0.65
L100000102144,coal_power,2,1,1,1.69,1.69
L100000102145,coal_power,1,3,2,7.046666666666667,8.88
L100000102145,coal_power,2,2,2,6.255,7.88
L100000102145,coal_power,3,2,1,7.720000000000001,9.22
L100000102149,coal_power,1,35,27,1.854,4.12
L100000102149,coal_power,2,35,26,1.867142857142857,3.33
L100000102149,coal_power,3,21,18,1.9266666666666667,2.78
L100000102149,coal_power,4,24,22,2.3649999999999998,4.46
L100000102149,coal_power,5,13,10,2.023076923076923,4.89
L100000102149,coal_power,6,7,6,3.8214285714285716,6.79
L100000102149,coal_power,8,5,4,2.914,4.86
L100000102149,coal_power,9,3,3,0.9933333333333333,1.45
L100000102149,coal_power,10,30,22,1.5466666666666666,2.65
L100000102149,coal_power,11,25,21,2.0352,3.07
L100000102149,coal_power,12,42,29,1.7164285714285714,3.45
L100000102151,coal_power,1,41,24,1.8134146341463413,4.09
L100000102151,coal_power,2,37,21,2.3394594594594595,7.59
L100000102151,coal_power,3,40,22,2.46525,13.78
L100000102151,coal_power,4,49,23,2.4640816326530612,9.08
L100000102151,coal_power,5,27,13,2.106666666666667,6.98
L100000102151,coal_power,6,18,11,2.9361111111111113,7.5
L100000102151,coal_power,7,5,3,3.728,9.16
L100000102151,coal_power,8,5,4,2.6820000000000004,8.0
L100000102151,coal_power,9,15,9,1.52,2.47
L100000102151,coal_power,10,36,19,2.312222222222222,7.45
L100000102151,coal_power,11,72,27,2.424583333333333,5.91
L100000102151,coal_power,12,75,29,2.4321333333333333,8.82
L100000102154,coal_power,1,26,15,2.435769230769231,4.1
L100000102154,coal_power,2,30,16,2.4223333333333334,4.84
L100000102154,coal_power,3,30,18,3.2550000000000003,5.5
L100000102154,coal_power,4,29,19,3.3113793103448277,6.25
L100000102154,coal_power,5,10,7,2.8890000000000002,5.88
L100000102154,coal_power,6,6,6,2.8383333333333334,3.61
L100000102154,coal_power,7,5,4,3.7880000000000003,7.46
L100000102154,coal_power,9,10,7,1.866,4.52
L100000102154,coal_power,10,19,15,2.491052631578947,4.39
L100000102154,coal_power,11,25,21,2.4524,5.31
L100000102154,coal_power,12,33,19,2.547878787878788,5.26
L100000102156,coal_power,4,3,1,6.9366666666666665,11.03
L100000102161,coal_power,1,1,1,3.85,3.85
L100000102161,coal_power,2,1,1,5.51,5.51
L100000102161,coal_power,3,3,2,4.423333333333333,4.66
L100000102164,coal_power,12,1,1,2.3,2.3
L100000102165,coal_power,1,1,1,3.33,3.33
L100000102166,coal_power,12,1,1,5.77,5.77
L100000102167,coal_power,1,25,24,1.0136,1.41
L100000102167,coal_power,2,24,22,1.1525,1.84
L100000102167,coal_power,3,17,17,0.9664705882352941,1.72
L100000102167,coal_power,4,14,14,1.3214285714285714,2.27
L100000102167,coal_power,5,8,8,1.485,4.26
L100000102167,coal_power,6,1,1,1.68,1.68
L100000102167,coal_power,8,4,3,1.365,3.09
L100000102167,coal_power,9,9,9,1.0877777777777777,1.67
L100000102167,coal_power,10,11,10,1.1163636363636362,1.5
L100000102167,coal_power,11,27,22,1.0562962962962963,1.65
L100000102167,coal_power,12,26,25,0.9934615384615384,1.48
L100000102168,coal_power,1,6,6,4.0183333333333335,6.15
L100000102168,coal_power,2,5,5,2.766,5.22
L100000102168,coal_power,3,1,1,1.36,1.36
L100000102168,coal_power,4,3,2,3.1466666666666665,3.54
L100000102168,coal_power,5,2,2,3.415,5.6
L100000102168,coal_power,7,1,1,2.07,2.07
L100000102168,coal_power,10,2,2,1.9649999999999999,2.82
L100000102168,coal_power,11,6,5,3.355,5.08
L100000102168,coal_power,12,5,5,2.914,6.52
L100000102170,coal_power,2,3,1,6.19,10.57
L100000102171,coal_power,12,1,1,5.46,5.46
L100000102172,coal_power,1,36,27,1.5991666666666666,3.08
L100000102172,coal_power,2,34,25,1.8902941176470587,4.06
L100000102172,coal_power,3,37,29,2.1691891891891895,3.52
L100000102172,coal_power,4,17,14,1.9005882352941177,3.77
L100000102172,coal_power,5,13,10,1.8053846153846154,6.9
L100000102172,coal_power,6,8,7,2.41125,3.32
L100000102172,coal_power,7,1,1,2.77,2.77
L100000102172,coal_power,8,10,7,1.316,2.85
L100000102172,coal_power,9,8,7,1.08875,1.47
L100000102172,coal_power,10,18,13,1.6466666666666667,4.22
L100000102172,coal_power,11,31,23,1.7358064516129033,4.07
L100000102172,coal_power,12,33,26,1.51,2.73
L100000102173,coal_power,1,1,1,1.49,1.49
L100000102174,coal_power,1,1,1,0.56,0.56
L100000102174,coal_power,3,3,3,0.6533333333333333,1.0
L100000102174,coal_power,4,2,2,2.355,3.03
L100000102174,coal_power,5,3,2,1.0,1.64
L100000102175,coal_power,1,14,11,1.072142857142857,2.52
L100000102175,coal_power,2,14,9,1.8057142857142858,3.64
L100000102175,coal_power,3,3,3,1.1733333333333336,2.04
L100000102175,coal_power,4,10,10,1.239,1.98
L100000102175,coal_power,5,10,7,1.6689999999999998,3.59
L100000102175,coal_power,6,2,1,3.67,6.76
L100000102175,coal_power,8,3,3,1.6266666666666667,2.51
L100000102175,coal_power,9,5,4,1.6420000000000001,3.87
L100000102175,coal_power,10,14,10,1.2757142857142856,2.26
L100000102175,coal_power,11,39,24,1.2446153846153847,4.34
L100000102175,coal_power,12,44,26,1.1504545454545454,3.77
L100000102177,coal_power,3,1,1,1.75,1.75
L100000102178,coal_power,1,21,18,1.5038095238095237,2.34
L100000102178,coal_power,2,25,18,1.766,2.79
L100000102178,coal_power,3,19,15,1.7489473684210524,3.1
L100000102178,coal_power,4,13,13,2.123076923076923,2.85
L100000102178,coal_power,5,10,9,2.0629999999999997,3.37
L100000102178,coal_power,6,7,7,2.0014285714285713,3.01
L100000102178,coal_power,7,3,3,1.0666666666666667,1.39
L100000102178,coal_power,8,5,4,1.362,2.01
L100000102178,coal_power,9,3,3,1.5866666666666667,2.07
L100000102178,coal_power,10,15,13,1.3713333333333333,2.11
L100000102178,coal_power,11,9,9,1.491111111111111,1.96
L100000102178,coal_power,12,21,19,1.401904761904762,2.25
L100000102179,coal_power,3,1,1,4.23,4.23
L100000102181,coal_power,1,1,1,5.03,5.03
L100000102181,coal_power,3,1,1,8.96,8.96
L100000102182,coal_power,1,1,1,3.9,3.9
L100000102183,coal_power,1,34,26,1.4867647058823528,3.1
L100000102183,coal_power,2,36,26,1.6752777777777779,2.51
L100000102183,coal_power,3,39,26,1.7656410256410255,3.37
L100000102183,coal_power,4,18,14,1.7472222222222222,2.84
L100000102183,coal_power,5,12,8,1.0675000000000001,1.88
L100000102183,coal_power,6,11,8,2.290909090909091,5.84
L100000102183,coal_power,8,2,2,1.71,2.55
L100000102183,coal_power,9,3,3,1.11,1.55
L100000102183,coal_power,10,15,12,1.296,2.19
L100000102183,coal_power,11,27,19,1.3196296296296297,2.1
L100000102183,coal_power,12,37,28,1.4356756756756757,5.09
L100000102184,coal_power,1,9,7,1.1855555555555555,1.36
L100000102184,coal_power,2,16,12,1.684375,2.87
L100000102184,coal_power,3,11,11,1.7300000000000002,2.58
L100000102184,coal_power,4,10,7,1.6329999999999998,2.51
L100000102184,coal_power,5,4,4,1.6575,3.18
L100000102184,coal_power,6,1,1,1.23,1.23
L100000102184,coal_power,10,5,4,1.126,1.39
L100000102184,coal_power,11,19,16,1.423157894736842,3.21
L100000102184,coal_power,12,20,16,1.3645,3.61
L100000102187,coal_power,3,1,1,1.14,1.14
L100000102188,coal_power,3,1,1,5.63,5.63
L100000102194,coal_power,1,2,2,1.12,1.13
L100000102194,coal_power,3,2,1,10.945,11.55
L100000102194,coal_power,11,3,2,0.8066666666666666,1.27
L100000102194,coal_power,12,4,4,1.0575,1.86
L100000102196,coal_power,1,1,1,5.14,5.14
L100000102197,coal_power,12,1,1,3.06,3.06
L100000102199,coal_power,3,1,1,6.31,6.31
L100000102202,coal_power,4,1,1,2.96,2.96
L100000102203,coal_power,3,1,1,6.16,6.16
L100000102203,coal_power,10,1,1,7.53,7.53
L100000102203,coal_power,12,1,1,0.9,0.9
L100000102206,coal_power,1,1,1,1.86,1.86
L100000102206,coal_power,2,1,1,4.84,4.84
L100000102207,coal_power,1,1,1,0.91,0.91
L100000102207,coal_power,3,1,1,3.13,3.13
L100000102209,coal_power,12,1,1,3.51,3.51
L100000102210,coal_power,1,12,11,1.5333333333333334,3.16
L100000102210,coal_power,2,10,8,1.986,3.29
L100000102210,coal_power,3,6,6,2.0316666666666667,3.17
L100000102210,coal_power,4,2,2,1.47,2.3
L100000102210,coal_power,5,4,4,2.2225,3.77
L100000102210,coal_power,9,2,2,2.675,3.73
L100000102210,coal_power,10,11,8,2.5254545454545454,4.69
L100000102210,coal_power,11,20,16,1.6809999999999998,2.38
L100000102210,coal_power,12,12,11,1.9616666666666667,6.08
L100000102213,coal_power,6,3,1,4.923333333333333,7.51
L100000102214,coal_power,1,11,8,1.1290909090909091,1.74
L100000102214,coal_power,2,7,4,1.1071428571428572,2.1
L100000102214,coal_power,3,1,1,1.58,1.58
L100000102214,coal_power,4,8,7,2.37375,4.36
L100000102214,coal_power,5,18,7,7.402777777777778,17.93
L100000102214,coal_power,6,8,5,3.63125,6.18
L100000102214,coal_power,7,1,1,1.9,1.9
L100000102214,coal_power,9,3,3,2.18,3.83
L100000102214,coal_power,10,6,4,1.7633333333333334,2.47
L100000102214,coal_power,11,11,11,2.2363636363636363,3.4
L100000102214,coal_power,12,8,5,1.4825,2.64
L100000102220,coal_power,5,1,1,2.53,2.53
L100000102230,coal_power,10,1,1,4.53,4.53
L100000102238,coal_power,6,1,1,1.22,1.22
L100000102250,coal_power,1,78,27,2.34525641025641,8.88
L100000102250,coal_power,2,72,27,2.465138888888889,7.53
L100000102250,coal_power,3,78,26,3.066153846153846,18.19
L100000102250,coal_power,4,48,21,3.2916666666666665,13.8
L100000102250,coal_power,5,36,15,3.0502777777777776,8.95
L100000102250,coal_power,6,22,12,2.762272727272727,11.25
L100000102250,coal_power,7,6,5,2.9333333333333336,5.95
L100000102250,coal_power,8,6,3,2.855,8.25
L100000102250,coal_power,9,11,6,1.4063636363636365,2.47
L100000102250,coal_power,10,23,12,2.1313043478260867,10.11
L100000102250,coal_power,11,53,22,2.078867924528302,6.06
L100000102250,coal_power,12,68,24,2.2741176470588234,5.7
L100000102252,coal_power,5,1,1,1.67,1.67
L100000102255,coal_power,3,3,2,1.5333333333333332,1.64
L100000102255,coal_power,5,4,4,1.1099999999999999,1.23
L100000102265,coal_power,1,68,28,2.2076470588235293,5.45
L100000102265,coal_power,2,48,24,1.679375,3.44
L100000102265,coal_power,3,64,24,2.33546875,8.04
L100000102265,coal_power,4,37,21,2.4718918918918917,5.97
L100000102265,coal_power,5,25,13,2.7928,7.62
L100000102265,coal_power,6,16,9,2.31875,7.58
L100000102265,coal_power,7,2,1,1.32,1.32
L100000102265,coal_power,8,6,4,1.9016666666666666,3.1
L100000102265,coal_power,9,13,7,1.933846153846154,2.95
L100000102265,coal_power,10,39,18,2.137692307692308,5.0
L100000102265,coal_power,11,63,28,2.3931746031746033,8.07
L100000102265,coal_power,12,79,29,1.880886075949367,7.05
L100000102268,coal_power,11,2,1,2.565,3.46
L100000102276,coal_power,3,1,1,2.59,2.59
L100000102290,coal_power,1,1,1,2.61,2.61
L100000102293,coal_power,5,1,1,0.57,0.57
L100000102293,coal_power,6,1,1,0.65,0.65
L100000102295,coal_power,1,29,23,1.513793103448276,2.56
L100000102295,coal_power,2,23,20,1.6230434782608696,2.5
L100000102295,coal_power,3,22,19,2.0145454545454546,3.47
L100000102295,coal_power,4,14,10,1.6728571428571428,2.8
L100000102295,coal_power,5,9,8,1.3577777777777778,2.24
L100000102295,coal_power,6,4,3,1.2375,2.2
L100000102295,coal_power,7,5,4,1.168,1.64
L100000102295,coal_power,8,4,3,1.8599999999999999,2.3
L100000102295,coal_power,9,2,2,1.31,2.15
L100000102295,coal_power,10,10,9,1.458,2.14
L100000102295,coal_power,11,23,18,1.2795652173913044,2.02
L100000102295,coal_power,12,36,28,1.5469444444444445,2.66
L100000102303,coal_power,1,8,7,1.96125,3.44
L100000102303,coal_power,2,10,8,2.641,3.91
L100000102303,coal_power,3,4,3,2.1175,3.14
L100000102303,coal_power,4,2,2,3.01,3.36
L100000102303,coal_power,5,3,2,4.75,9.3
L100000102303,coal_power,6,2,2,1.495,1.94
L100000102303,coal_power,7,2,2,2.015,2.31
L100000102303,coal_power,8,2,2,1.43,1.45
L100000102303,coal_power,9,1,1,1.47,1.47
L100000102303,coal_power,10,9,7,1.1722222222222223,1.93
L100000102303,coal_power,11,11,9,2.52,6.49
L100000102303,coal_power,12,16,10,1.809375,3.69
L100000102306,coal_power,2,4,1,11.2525,20.59
L100000102307,coal_power,1,1,1,3.11,3.11
L100000102307,coal_power,12,1,1,2.44,2.44
L100000102312,coal_power,1,1,1,0.93,0.93
L100000102312,coal_power,3,2,2,0.92,1.05
L100000102312,coal_power,12,4,3,0.68,1.06
L100000102315,coal_power,1,8,7,0.74375,1.33
L100000102315,coal_power,2,1,1,0.85,0.85
L100000102315,coal_power,3,5,4,0.982,1.26
L100000102315,coal_power,4,3,2,1.5999999999999999,2.27
L100000102332,coal_power,5,1,1,5.36,5.36
L100000102343,coal_power,10,1,1,3.11,3.11
L100000102352,coal_power,11,4,4,2.67,4.18
L100000102357,coal_power,4,2,1,0.63,0.79
L100000102357,coal_power,5,1,1,16.02,16.02
L100000102359,coal_power,3,2,1,6.435,9.34
L100000102359,coal_power,4,2,2,5.35,8.6
L100000102360,coal_power,4,1,1,2.88,2.88
L100000102366,coal_power,2,1,1,3.67,3.67
L100000102367,coal_power,4,3,1,3.3666666666666667,5.52
L100000102376,coal_power,1,1,1,10.78,10.78
L100000102376,coal_power,2,1,1,1.41,1.41
L100000102383,coal_power,11,1,1,1.03,1.03
L100000102383,coal_power,12,1,1,0.76,0.76
L100000102384,coal_power,3,1,1,11.16,11.16
L100000102387,coal_power,2,1,1,3.52,3.52
L100000102400,coal_power,4,1,1,6.71,6.71
L100000102402,coal_power,3,1,1,12.93,12.93
L100000102403,coal_power,12,2,1,5.93,5.93
L100000102405,coal_power,11,1,1,1.28,1.28
L100000102407,coal_power,3,1,1,16.66,16.66
L100000102407,coal_power,4,1,1,11.34,11.34
L100000102407,coal_power,12,1,1,2.54,2.54
L100000102414,coal_power,1,6,6,1.0816666666666668,1.59
L100000102414,coal_power,2,6,5,0.9583333333333334,1.18
L100000102414,coal_power,3,5,5,1.3980000000000001,1.82
L100000102414,coal_power,4,2,2,2.595,3.45
L100000102414,coal_power,11,5,4,1.594,4.32
L100000102414,coal_power,12,14,11,1.3042857142857145,3.97
L100000102416,coal_power,2,1,1,2.37,2.37
L100000102416,coal_power,3,3,2,8.373333333333333,10.25
L100000102420,coal_power,3,4,1,5.93,6.81
L100000102422,coal_power,2,2,1,1.22,1.56
L100000102423,coal_power,12,1,1,6.8,6.8
L100000102424,coal_power,4,1,1,5.38,5.38
L100000102427,coal_power,3,2,2,1.3099999999999998,2.05
L100000102436,coal_power,4,1,1,9.6,9.6
L100000102437,coal_power,11,1,1,1.21,1.21
L100000102441,coal_power,2,1,1,7.59,7.59
L100000102444,coal_power,1,15,13,1.9713333333333334,3.36
L100000102444,coal_power,2,5,5,2.064,3.54
L100000102444,coal_power,3,16,12,2.124375,5.8
L100000102444,coal_power,4,4,4,3.7775,5.25
L100000102444,coal_power,5,5,5,6.1339999999999995,8.78
L100000102444,coal_power,6,4,3,2.475,3.86
L100000102444,coal_power,7,1,1,3.63,3.63
L100000102444,coal_power,8,1,1,1.22,1.22
L100000102444,coal_power,9,2,2,0.46499999999999997,0.72
L100000102444,coal_power,10,5,5,2.182,3.95
L100000102444,coal_power,11,13,12,1.7369230769230768,3.63
L100000102444,coal_power,12,21,19,1.880952380952381,4.64
L100000102447,coal_power,2,1,1,4.42,4.42
L100000102448,coal_power,1,20,19,0.6965,0.91
L100000102448,coal_power,2,15,14,0.706,1.06
L100000102448,coal_power,3,18,15,0.8405555555555555,1.46
L100000102448,coal_power,4,13,12,0.9753846153846154,1.78
L100000102448,coal_power,5,9,7,0.7477777777777779,1.1
L100000102448,coal_power,8,1,1,0.6,0.6
L100000102448,coal_power,9,2,2,0.76,0.77
L100000102448,coal_power,10,10,10,0.898,1.31
L100000102448,coal_power,11,20,18,0.8415000000000001,1.4
L100000102448,coal_power,12,17,14,0.7605882352941177,1.34
L100000102450,coal_power,2,1,1,9.03,9.03
L100000102452,coal_power,1,1,1,0.54,0.54
L100000102452,coal_power,11,1,1,0.78,0.78
L100000102452,coal_power,12,2,2,0.99,1.01
L100000102454,coal_power,1,1,1,0.44,0.44
L100000102454,coal_power,2,1,1,1.06,1.06
L100000102454,coal_power,3,6,5,1.6883333333333335,4.7
L100000102454,coal_power,4,7,6,3.5585714285714287,5.79
L100000102454,coal_power,5,3,3,2.94,5.5
L100000102454,coal_power,6,1,1,0.21,0.21
L100000102454,coal_power,7,3,2,2.3266666666666667,3.21
L100000102454,coal_power,8,4,3,2.7824999999999998,3.38
L100000102454,coal_power,9,4,3,1.08,1.98
L100000102454,coal_power,10,3,3,0.9166666666666666,1.04
L100000102454,coal_power,11,16,13,1.485625,3.76
L100000102454,coal_power,12,8,8,1.0325,1.86
L100000102456,coal_power,1,2,1,3.24,3.24
L100000102456,coal_power,3,3,1,5.286666666666666,6.0
L100000102457,coal_power,1,7,7,0.9014285714285715,1.09
L100000102457,coal_power,3,5,5,1.1019999999999999,1.35
L100000102457,coal_power,4,1,1,0.93,0.93
L100000102457,coal_power,5,1,1,1.6,1.6
L100000102457,coal_power,6,1,1,1.6,1.6
L100000102457,coal_power,8,1,1,1.09,1.09
L100000102457,coal_power,9,3,3,1.0966666666666667,1.45
L100000102457,coal_power,10,4,4,0.9075000000000001,1.1
L100000102457,coal_power,11,5,5,0.776,1.01
L100000102457,coal_power,12,8,8,0.9625,1.09
L100000102458,coal_power,3,2,2,3.9400000000000004,5.61
L100000102459,coal_power,1,14,11,1.622142857142857,3.69
L100000102459,coal_power,2,3,3,1.39,1.57
L100000102459,coal_power,3,12,10,2.1633333333333336,4.48
L100000102459,coal_power,4,5,3,1.7239999999999998,2.73
L100000102459,coal_power,5,2,2,3.8049999999999997,4.54
L100000102459,coal_power,8,1,1,0.49,0.49
L100000102459,coal_power,9,1,1,1.56,1.56
L100000102459,coal_power,10,4,4,1.7475,3.74
L100000102459,coal_power,11,18,13,1.518888888888889,3.76
L100000102459,coal_power,12,14,11,1.0635714285714286,2.9
L100000102465,coal_power,1,1,1,5.34,5.34
L100000102465,coal_power,2,1,1,21.99,21.99
L100000102466,coal_power,4,3,3,5.57,6.46
L100000102466,coal_power,5,1,1,4.73,4.73
L100000102470,coal_power,2,1,1,8.48,8.48
L100000102471,coal_power,2,1,1,0.73,0.73
L100000102471,coal_power,3,3,2,3.8166666666666664,4.49
L100000102471,coal_power,4,3,3,3.17,5.74
L100000102471,coal_power,12,1,1,1.99,1.99
L100000102473,coal_power,3,2,2,2.58,3.64
L100000102474,coal_power,1,10,10,0.727,0.91
L100000102474,coal_power,2,8,8,0.91,1.3
L100000102474,coal_power,3,10,10,0.9280000000000002,1.51
L100000102474,coal_power,4,2,2,0.935,1.28
L100000102474,coal_power,5,4,3,1.1775,1.32
L100000102474,coal_power,9,3,3,1.9766666666666666,2.56
L100000102474,coal_power,11,8,7,0.865,0.95
L100000102474,coal_power,12,9,9,0.7,0.93
L100000102481,coal_power,1,59,29,2.2103389830508475,4.77
L100000102481,coal_power,2,59,27,2.2905084745762716,5.61
L100000102481,coal_power,3,58,29,2.666896551724138,5.21
L100000102481,coal_power,4,50,23,2.7708,6.39
L100000102481,coal_power,5,32,13,3.3109375,14.85
L100000102481,coal_power,6,16,11,2.564375,8.15
L100000102481,coal_power,7,2,2,1.87,2.37
L100000102481,coal_power,8,16,10,1.354375,2.64
L100000102481,coal_power,9,22,12,1.9309090909090911,7.84
L100000102481,coal_power,10,48,18,2.179375,5.18
L100000102481,coal_power,11,63,26,2.1128571428571425,5.37
L100000102481,coal_power,12,68,29,1.8405882352941176,4.9
L100000102489,coal_power,3,2,1,2.88,3.78
L100000102490,coal_power,2,2,2,2.425,4.12
L100000102490,coal_power,10,1,1,1.03,1.03
L100000102490,coal_power,12,1,1,0.82,0.82
L100000102492,coal_power,1,66,30,2.4751515151515155,6.41
L100000102492,coal_power,2,71,27,2.3064788732394366,5.25
L100000102492,coal_power,3,70,30,2.378857142857143,4.73
L100000102492,coal_power,4,42,22,2.7540476190476193,7.47
L100000102492,coal_power,5,39,17,2.4015384615384616,7.16
L100000102492,coal_power,6,26,13,2.773076923076923,7.81
L100000102492,coal_power,7,8,5,3.15625,8.08
L100000102492,coal_power,8,15,9,2.52,6.63
L100000102492,coal_power,9,34,18,2.5502941176470593,5.36
L100000102492,coal_power,10,54,20,2.147962962962963,5.61
L100000102492,coal_power,11,66,29,2.611818181818182,7.79
L100000102492,coal_power,12,88,31,2.526931818181818,6.01
L100000102493,coal_power,1,1,1,3.35,3.35
L100000102493,coal_power,3,2,2,7.635,11.87
L100000102493,coal_power,4,1,1,5.68,5.68
L100000102493,coal_power,12,1,1,2.99,2.99
L100000102494,coal_power,1,3,3,0.8766666666666666,1.14
L100000102494,coal_power,2,2,2,1.65,2.27
L100000102494,coal_power,3,1,1,0.68,0.68
L100000102494,coal_power,4,2,2,2.185,2.78
L100000102494,coal_power,8,1,1,0.7,0.7
L100000102494,coal_power,9,1,1,0.48,0.48
L100000102494,coal_power,11,2,2,2.26,3.31
L100000102494,coal_power,12,10,8,1.7510000000000001,4.98
L100000102500,coal_power,2,1,1,2.5,2.5
L100000102500,coal_power,3,2,2,4.1450000000000005,5.36
L100000102501,coal_power,1,1,1,7.83,7.83
L100000102501,coal_power,2,4,4,2.48,4.44
L100000102501,coal_power,3,1,1,5.3,5.3
L100000102501,coal_power,12,2,1,3.755,3.78
L100000102503,coal_power,2,2,1,5.665,6.01
L100000102508,coal_power,5,2,1,2.4450000000000003,2.73
L100000102509,coal_power,3,1,1,7.46,7.46
L100000102510,coal_power,5,8,3,7.5024999999999995,12.76
L100000102511,coal_power,5,3,2,4.423333333333333,5.25
L100000102511,coal_power,10,1,1,3.46,3.46
L100000102512,coal_power,1,7,6,1.2285714285714284,2.03
L100000102512,coal_power,3,1,1,3.04,3.04
L100000102540,coal_power,2,1,1,0.75,0.75
L100000102540,coal_power,7,1,1,0.5,0.5
L100000102540,coal_power,10,1,1,0.96,0.96
L100000102540,coal_power,11,1,1,0.36,0.36
L100000102540,coal_power,12,1,1,0.51,0.51
L100000102548,coal_power,1,1,1,0.77,0.77
L100000102548,coal_power,4,1,1,2.12,2.12
L100000102548,coal_power,8,2,2,1.8399999999999999,2.84
L100000102548,coal_power,10,3,2,1.0533333333333335,2.06
L100000102549,coal_power,1,4,4,0.925,1.05
L100000102549,coal_power,2,6,6,1.0,1.49
L100000102549,coal_power,3,3,3,1.0466666666666666,1.29
L100000102549,coal_power,4,4,4,1.3275000000000001,1.79
L100000102549,coal_power,6,1,1,0.45,0.45
L100000102549,coal_power,7,2,1,1.45,1.67
L100000102549,coal_power,12,2,2,0.9,0.92
L100000102560,coal_power,1,15,11,1.536,4.3
L100000102560,coal_power,2,19,14,1.9726315789473683,2.94
L100000102560,coal_power,3,10,8,2.649,9.49
L100000102560,coal_power,4,13,6,2.1,5.85
L100000102560,coal_power,5,7,4,1.5342857142857143,2.39
L100000102560,coal_power,6,7,4,1.9157142857142857,3.8
L100000102560,coal_power,7,4,3,2.1425,3.11
L100000102560,coal_power,8,5,4,1.314,1.68
L100000102560,coal_power,9,2,2,1.1600000000000001,1.34
L100000102560,coal_power,10,2,1,1.8900000000000001,2.0
L100000102560,coal_power,11,6,4,1.345,1.91
L100000102560,coal_power,12,17,13,1.7311764705882353,3.59
L100000102569,coal_power,5,1,1,3.06,3.06
L100000102569,coal_power,12,1,1,1.28,1.28
L100000102576,coal_power,6,2,2,4.8100000000000005,6.87
L100000102582,coal_power,6,5,2,7.368,9.33
L100000102583,coal_power,6,2,1,3.4899999999999998,5.27
L100000102587,coal_power,5,1,1,4.86,4.86
L100000102587,coal_power,7,2,1,2.49,2.49
L100000102587,coal_power,8,4,2,4.525,7.64
L100000102592,coal_power,12,1,1,2.69,2.69
L100000102593,coal_power,2,1,1,4.01,4.01
L100000102594,coal_power,2,2,1,5.965,6.87
L100000102594,coal_power,12,1,1,1.49,1.49
L100000102595,coal_power,4,2,1,1.275,1.97
L100000102600,coal_power,12,1,1,0.44,0.44
L100000102607,coal_power,12,1,1,3.58,3.58
L100000102610,coal_power,3,1,1,11.04,11.04
L100000102613,coal_power,4,1,1,1.02,1.02
L100000102616,coal_power,1,3,3,2.08,4.93
L100000102620,coal_power,2,2,2,3.955,5.08
L100000102620,coal_power,6,1,1,6.34,6.34
L100000102646,coal_power,4,2,1,1.8399999999999999,2.29
L100000102666,coal_power,2,1,1,3.17,3.17
L100000102667,coal_power,11,1,1,2.44,2.44
L100000102671,coal_power,1,42,23,1.7438095238095237,4.77
L100000102671,coal_power,2,31,18,2.187741935483871,10.71
L100000102671,coal_power,3,34,20,2.195588235294118,4.76
L100000102671,coal_power,4,10,8,2.142,4.62
L100000102671,coal_power,5,9,7,2.227777777777778,3.15
L100000102671,coal_power,6,3,2,1.6033333333333335,1.61
L100000102671,coal_power,8,2,2,2.13,2.59
L100000102671,coal_power,9,4,4,1.925,2.26
L100000102671,coal_power,10,15,12,2.472666666666667,7.99
L100000102671,coal_power,11,25,15,2.2328,8.27
L100000102671,coal_power,12,31,20,1.9851612903225806,6.58
L100000102681,coal_power,1,1,1,2.38,2.38
L100000102685,coal_power,11,1,1,5.18,5.18
L100000104378,coal_power,11,1,1,2.47,2.47
L100000104861,coal_power,2,3,1,2.276666666666667,2.55
L100000105017,coal_power,1,4,4,1.3225,1.67
L100000105017,coal_power,2,7,7,1.3442857142857143,1.83
L100000105017,coal_power,3,9,8,1.6622222222222223,2.43
L100000105017,coal_power,4,2,2,1.685,1.87
L100000105017,coal_power,5,2,1,1.345,1.45
L100000105017,coal_power,9,5,5,1.182,1.72
L100000105017,coal_power,10,7,7,1.6385714285714283,2.28
L100000105017,coal_power,11,5,4,1.532,2.33
L100000105017,coal_power,12,4,4,1.3050000000000002,2.13
L100001000108,coal_power,6,2,1,0.43000000000000005,0.46
L100001000153,coal_power,3,2,1,1.68,2.94
L100001048073,coal_power,1,1,1,3.45,3.45
L100001083808,coal_power,1,1,1,5.86,5.86
L100001083808,coal_power,12,1,1,2.54,2.54
L100001083814,coal_power,1,2,2,7.13,7.18
P100000120510,steel,1,182,30,2.079120879120879,12.22
P100000120510,steel,2,196,28,2.2978061224489794,9.02
P100000120510,steel,3,169,30,2.5028994082840237,7.68
P100000120510,steel,4,119,25,2.867142857142857,11.44
P100000120510,steel,5,87,20,2.4611494252873563,11.6
P100000120510,steel,6,38,12,2.4763157894736842,7.45
P100000120510,steel,7,17,4,1.9805882352941178,3.65
P100000120510,steel,8,30,9,2.0473333333333334,7.92
P100000120510,steel,9,61,16,2.2211475409836066,7.11
P100000120510,steel,10,98,22,1.9079591836734693,6.7
P100000120510,steel,11,163,29,2.204171779141104,7.28
P100000120510,steel,12,196,30,2.1118367346938776,9.83
P100000120511,steel,1,153,30,3.3822875816993463,12.8
P100000120511,steel,2,161,28,3.386459627329193,14.06
P100000120511,steel,3,154,30,3.860064935064935,13.72
P100000120511,steel,4,101,26,4.033465346534653,13.68
P100000120511,steel,5,75,19,4.2358666666666664,13.0
P100000120511,steel,6,43,14,4.0053488372093025,12.79
P100000120511,steel,7,7,4,2.9442857142857144,5.21
P100000120511,steel,8,39,14,3.153076923076923,11.53
P100000120511,steel,9,49,15,2.556122448979592,7.44
P100000120511,steel,10,87,25,3.054022988505747,10.61
P100000120511,steel,11,140,30,3.296142857142857,12.0
P100000120511,steel,12,158,30,3.61253164556962,15.75
P100000120512,steel,1,20,16,1.7705000000000002,3.95
P100000120512,steel,2,21,17,1.5204761904761905,2.22
P100000120512,steel,3,19,12,1.72,3.41
P100000120512,steel,4,13,10,2.18,6.76
P100000120512,steel,5,12,6,2.9791666666666665,6.22
P100000120512,steel,6,4,3,0.8200000000000001,1.35
P100000120512,steel,7,6,2,1.0333333333333334,1.75
P100000120512,steel,8,2,2,3.22,5.49
P100000120512,steel,9,7,3,0.88,1.26
P100000120512,steel,10,5,5,0.992,1.28
P100000120512,steel,11,23,11,1.212608695652174,4.94
P100000120512,steel,12,33,17,1.716969696969697,6.11
P100000120513,steel,1,109,31,8.898715596330275,55.27
P100000120513,steel,2,104,28,7.124423076923076,44.05
P100000120513,steel,3,117,31,6.515982905982906,21.48
P100000120513,steel,4,109,30,7.423302752293578,26.4
P100000120513,steel,5,67,23,6.832835820895522,31.02
P100000120513,steel,6,45,15,7.964888888888889,27.86
P100000120513,steel,7,21,12,5.246190476190476,12.88
P100000120513,steel,8,29,15,7.506896551724138,47.3
P100000120513,steel,9,30,14,5.344666666666667,20.6
P100000120513,steel,10,83,26,7.081084337349398,23.61
P100000120513,steel,11,106,29,8.179056603773585,43.9
P100000120513,steel,12,117,31,7.631367521367522,30.0
P100000120515,steel,1,24,16,2.2133333333333334,6.58
P100000120515,steel,2,13,11,2.9353846153846153,5.83
P100000120515,steel,3,17,12,2.1370588235294115,3.39
P100000120515,steel,4,5,5,2.588,6.43
P100000120515,steel,5,7,6,2.2642857142857142,3.78
P100000120515,steel,6,3,3,2.876666666666667,5.86
P100000120515,steel,7,1,1,1.97,1.97
P100000120515,steel,8,3,3,4.243333333333333,6.58
P100000120515,steel,10,10,8,2.489,4.82
P100000120515,steel,11,25,17,2.4668,7.58
P100000120515,steel,12,35,21,2.866857142857143,7.87
P100000120516,steel,1,123,30,2.915609756097561,10.77
P100000120516,steel,2,135,28,3.295851851851852,10.09
P100000120516,steel,3,150,31,3.8819999999999997,13.02
P100000120516,steel,4,116,27,4.091637931034483,15.84
P100000120516,steel,5,85,24,4.118588235294117,10.92
P100000120516,steel,6,43,15,3.8967441860465115,7.69
P100000120516,steel,7,8,3,4.82125,6.96
P100000120516,steel,8,34,12,2.158823529411765,4.98
P100000120516,steel,9,42,13,2.505952380952381,7.66
P100000120516,steel,10,77,20,2.612857142857143,8.76
P100000120516,steel,11,135,29,3.2575555555555553,11.22
P100000120516,steel,12,148,31,2.95472972972973,8.75
P100000120517,steel,1,67,29,2.18089552238806,6.72
P100000120517,steel,2,64,27,2.3965625,8.7
P100000120517,steel,3,57,29,2.492280701754386,6.01
P100000120517,steel,4,41,21,3.253658536585366,10.27
P100000120517,steel,5,26,15,2.459230769230769,5.97
P100000120517,steel,6,10,6,1.956,3.68
P100000120517,steel,7,4,3,3.1975,4.22
P100000120517,steel,8,7,3,2.652857142857143,4.02
P100000120517,steel,9,8,5,1.5025,2.58
P100000120517,steel,10,39,19,2.3907692307692305,9.06
P100000120517,steel,11,62,24,2.3062903225806455,6.53
P100000120517,steel,12,95,31,2.5025263157894737,7.34
P100000120518,steel,1,20,15,1.5495,3.16
P100000120518,steel,2,13,11,2.025384615384615,5.56
P100000120518,steel,3,17,14,1.8505882352941176,2.63
P100000120518,steel,4,11,7,1.731818181818182,2.89
P100000120518,steel,5,6,5,1.9533333333333334,3.44
P100000120518,steel,6,5,5,1.8699999999999999,2.53
P100000120518,steel,7,5,4,1.746,2.42
P100000120518,steel,8,2,2,1.275,1.63
P100000120518,steel,9,2,2,1.045,1.19
P100000120518,steel,11,8,6,1.0050000000000001,3.18
P100000120518,steel,12,20,14,1.7269999999999999,3.23
P100000120519,steel,1,108,31,2.329537037037037,5.83
P100000120519,steel,2,97,28,2.6236082474226805,7.26
P100000120519,steel,3,89,30,3.118202247191011,7.8
P100000120519,steel,4,54,19,3.456111111111111,8.54
P100000120519,steel,5,29,13,3.1648275862068966,7.08
P100000120519,steel,6,11,7,2.6345454545454547,6.52
P100000120519,steel,7,26,7,1.878076923076923,4.38
P100000120519,steel,8,19,7,2.055263157894737,4.09
P100000120519,steel,9,27,10,1.7877777777777777,2.97
P100000120519,steel,10,35,14,1.7305714285714286,4.42
P100000120519,steel,11,73,21,2.336849315068493,5.44
P100000120519,steel,12,138,29,2.407608695652174,6.56
P100000120522,steel,2,1,1,0.66,0.66
P100000120522,steel,10,6,6,1.0433333333333332,1.2
P100000120522,steel,11,7,7,1.0642857142857143,1.39
P100000120522,steel,12,7,6,1.122857142857143,1.43
P100000120523,steel,1,9,6,3.1077777777777778,12.0
P100000120523,steel,2,7,6,2.858571428571428,5.8
P100000120523,steel,3,4,4,3.3474999999999997,8.74
P100000120523,steel,4,10,7,2.947,5.44
P100000120523,steel,5,7,5,1.6614285714285713,2.65
P100000120523,steel,6,2,2,3.7800000000000002,6.83
P100000120523,steel,7,2,1,4.035,6.04
P100000120523,steel,9,2,2,1.155,1.53
P100000120523,steel,10,3,3,1.7633333333333334,2.31
P100000120523,steel,11,10,9,2.2489999999999997,4.93
P100000120523,steel,12,10,9,1.935,6.01
P100000120524,steel,1,45,26,1.686222222222222,4.83
P100000120524,steel,2,30,18,1.78,5.42
P100000120524,steel,3,37,22,2.4497297297297296,9.26
P100000120524,steel,4,16,10,2.675,10.66
P100000120524,steel,5,5,4,1.59,3.18
P100000120524,steel,6,3,3,1.2333333333333332,1.89
P100000120524,steel,8,3,3,0.7333333333333334,1.2
P100000120524,steel,9,1,1,5.92,5.92
P100000120524,steel,10,18,8,3.7199999999999998,10.86
P100000120524,steel,11,7,6,0.9385714285714286,1.94
P100000120524,steel,12,21,15,1.553809523809524,3.69
P100000120525,steel,1,57,26,2.057543859649123,5.72
P100000120525,steel,2,58,23,2.289137931034483,7.92
P100000120525,steel,3,53,24,2.5805660377358492,6.85
P100000120525,steel,4,49,21,2.9514285714285715,8.52
P100000120525,steel,5,22,10,2.122727272727273,3.43
P100000120525,steel,6,7,4,3.077142857142857,5.08
P100000120525,steel,7,3,1,1.8033333333333335,2.59
P100000120525,steel,8,16,8,1.888125,6.06
P100000120525,steel,9,7,3,2.4899999999999998,4.83
P100000120525,steel,10,29,11,1.9117241379310344,6.56
P100000120525,steel,11,57,24,1.8742105263157895,6.09
P100000120525,steel,12,79,29,2.0070886075949366,5.58
P100000120526,steel,1,23,14,1.4217391304347828,2.7
P100000120526,steel,2,18,12,1.0705555555555555,2.2
P100000120526,steel,3,18,9,1.4783333333333333,2.57
P100000120526,steel,4,8,7,1.4975,2.44
P100000120526,steel,5,7,5,1.5442857142857143,3.42
P100000120526,steel,6,1,1,2.04,2.04
P100000120526,steel,7,1,1,0.93,0.93
P100000120526,steel,8,2,1,0.925,1.05
P100000120526,steel,10,7,4,2.047142857142857,3.93
P100000120526,steel,11,14,12,1.5150000000000001,3.14
P100000120526,steel,12,14,8,1.3214285714285714,2.81
P100000120527,steel,1,31,19,1.6441935483870966,7.18
P100000120527,steel,2,30,18,1.7246666666666668,5.37
P100000120527,steel,3,32,21,1.829375,4.39
P100000120527,steel,4,11,8,2.350909090909091,5.07
P100000120527,steel,5,7,5,2.1042857142857145,4.39
P100000120527,steel,6,13,8,2.413076923076923,4.0
P100000120527,steel,7,2,1,3.105,4.2
P100000120527,steel,8,5,4,1.6059999999999999,1.98
P100000120527,steel,9,9,7,1.8122222222222222,4.05
P100000120527,steel,10,22,14,1.7640909090909092,4.54
P100000120527,steel,11,30,20,1.6673333333333333,4.21
P100000120527,steel,12,35,20,1.914,7.59
P100000120528,steel,1,115,28,1.6896521739130435,4.56
P100000120528,steel,2,93,25,2.0165591397849463,5.49
P100000120528,steel,3,105,27,2.511428571428571,7.97
P100000120528,steel,4,77,23,2.807922077922078,9.5
P100000120528,steel,5,34,14,2.512941176470588,8.89
P100000120528,steel,6,38,11,2.6094736842105264,6.86
P100000120528,steel,7,2,2,1.81,2.75
P100000120528,steel,8,19,8,1.685263157894737,4.75
P100000120528,steel,9,40,13,2.49175,7.44
P100000120528,steel,10,77,18,1.8135064935064933,6.25
P100000120528,steel,11,102,25,1.9359803921568628,7.64
P100000120528,steel,12,129,28,1.9102325581395347,5.21
P100000120529,steel,1,110,29,2.118,13.53
P100000120529,steel,2,71,28,1.737887323943662,4.69
P100000120529,steel,3,60,22,2.4241666666666664,9.39
P100000120529,steel,4,40,21,2.9365,6.32
P100000120529,steel,5,19,10,2.5542105263157895,6.55
P100000120529,steel,6,21,9,2.7071428571428573,8.18
P100000120529,steel,7,1,1,0.3,0.3
P100000120529,steel,8,10,7,3.0149999999999997,9.11
P100000120529,steel,9,32,11,1.9096875,3.5
P100000120529,steel,10,45,16,1.8433333333333335,7.0
P100000120529,steel,11,79,26,1.8227848101265822,7.1
P100000120529,steel,12,89,27,1.840112359550562,9.62
P100000120530,steel,1,124,29,3.4983064516129034,24.0
P100000120530,steel,2,101,26,4.89039603960396,30.22
P100000120530,steel,3,95,28,4.415052631578948,37.18
P100000120530,steel,4,72,23,5.953611111111112,47.05
P100000120530,steel,5,47,17,5.608723404255319,41.97
P100000120530,steel,6,22,10,2.4263636363636363,6.0
P100000120530,steel,7,19,8,3.6526315789473687,8.46
P100000120530,steel,8,25,11,7.9392,24.76
P100000120530,steel,9,22,12,3.0486363636363634,8.24
P100000120530,steel,10,64,23,3.44421875,11.19
P100000120530,steel,11,126,28,4.425476190476191,23.63
P100000120530,steel,12,121,29,3.074710743801653,10.87
P100000120531,steel,7,2,2,2.73,4.12
P100000120531,steel,8,2,2,4.16,5.6
P100000120531,steel,9,2,1,1.675,2.56
P100000120531,steel,10,1,1,1.65,1.65
P100000120531,steel,11,6,6,1.4349999999999998,2.77
P100000120531,steel,12,4,4,0.9450000000000001,1.3
P100000120534,steel,1,28,16,1.2310714285714286,3.17
P100000120534,steel,2,17,12,1.1329411764705881,1.59
P100000120534,steel,3,22,15,1.875,4.55
P100000120534,steel,4,14,9,1.3135714285714286,2.56
P100000120534,steel,5,6,4,2.125,2.71
P100000120534,steel,6,6,6,2.38,5.02
P100000120534,steel,8,1,1,1.05,1.05
P100000120534,steel,9,2,1,0.89,0.89
P100000120534,steel,10,9,9,1.0066666666666668,1.35
P100000120534,steel,11,35,21,1.3574285714285714,3.87
P100000120534,steel,12,32,18,1.083125,3.27
P100000120535,steel,1,7,5,0.9042857142857142,1.38
P100000120535,steel,2,17,15,1.2582352941176471,1.76
P100000120535,steel,3,15,12,1.2160000000000002,1.88
P100000120535,steel,4,4,4,1.4325,1.77
P100000120535,steel,5,4,4,1.4700000000000002,2.08
P100000120535,steel,6,2,1,3.3449999999999998,5.67
P100000120535,steel,7,1,1,1.65,1.65
P100000120535,steel,9,6,5,1.29,1.47
P100000120535,steel,10,15,12,1.1353333333333333,1.97
P100000120535,steel,11,22,17,0.9777272727272728,2.17
P100000120535,steel,12,27,19,1.0525925925925925,1.73
P100000120536,steel,1,8,7,1.245,2.29
P100000120536,steel,2,9,9,1.4777777777777776,2.59
P100000120536,steel,3,11,10,1.4054545454545455,2.06
P100000120536,steel,4,12,11,2.2391666666666667,3.32
P100000120536,steel,5,8,4,2.2487500000000002,4.55
P100000120536,steel,6,3,3,1.7866666666666664,2.38
P100000120536,steel,7,1,1,1.39,1.39
P100000120536,steel,8,2,2,1.62,1.92
P100000120536,steel,9,2,2,1.6800000000000002,2.08
P100000120536,steel,10,2,2,1.3050000000000002,1.36
P100000120536,steel,11,11,9,1.3354545454545457,2.73
P100000120536,steel,12,22,15,1.2527272727272727,2.44
P100000120538,steel,3,1,1,8.82,8.82
P100000120538,steel,10,1,1,3.21,3.21
P100000120538,steel,11,2,1,2.87,3.07
P100000120540,steel,1,54,23,1.8162962962962963,6.91
P100000120540,steel,2,34,17,3.0364705882352943,13.51
P100000120540,steel,3,48,23,2.6529166666666666,12.77
P100000120540,steel,4,11,6,3.374545454545455,10.72
P100000120540,steel,5,13,9,4.056923076923077,8.91
P100000120540,steel,6,5,2,1.7440000000000002,2.85
P100000120540,steel,7,4,2,1.485,1.83
P100000120540,steel,8,6,5,1.1166666666666667,2.46
P100000120540,steel,9,14,6,1.5514285714285714,2.61
P100000120540,steel,10,22,14,1.095909090909091,1.71
P100000120540,steel,11,50,22,2.2352000000000003,16.68
P100000120540,steel,12,90,28,1.987,8.34
P100000120541,steel,1,3,3,1.1500000000000001,1.91
P100000120541,steel,2,4,4,0.9525,1.15
P100000120541,steel,3,3,3,0.9833333333333334,1.06
P100000120541,steel,4,1,1,1.94,1.94
P100000120541,steel,5,1,1,0.58,0.58
P100000120541,steel,6,1,1,6.18,6.18
P100000120541,steel,9,2,2,0.775,0.8
P100000120541,steel,10,1,1,0.9,0.9
P100000120541,steel,11,2,2,0.965,1.15
P100000120541,steel,12,1,1,0.92,0.92
P100000120543,steel,1,55,28,2.4914545454545456,5.72
P100000120543,steel,2,44,23,2.2181818181818183,4.9
P100000120543,steel,3,52,25,3.2201923076923076,9.24
P100000120543,steel,4,35,20,3.609142857142857,9.09
P100000120543,steel,5,18,12,3.6799999999999997,11.24
P100000120543,steel,6,13,8,2.8938461538461535,4.97
P100000120543,steel,7,7,5,1.4442857142857142,3.81
P100000120543,steel,8,10,5,2.197,7.84
P100000120543,steel,9,14,11,2.6464285714285714,6.79
P100000120543,steel,10,33,19,3.1003030303030306,10.63
P100000120543,steel,11,47,24,2.198936170212766,4.58
P100000120543,steel,12,61,29,2.4937704918032786,8.12
P100000120544,steel,1,9,7,1.061111111111111,1.43
P100000120544,steel,2,11,9,0.9527272727272728,1.4
P100000120544,steel,3,17,16,0.998235294117647,2.95
P100000120544,steel,4,9,7,1.3477777777777777,2.59
P100000120544,steel,5,6,6,1.2366666666666666,2.12
P100000120544,steel,6,4,4,1.6425,3.94
P100000120544,steel,7,1,1,2.32,2.32
P100000120544,steel,8,4,4,1.17,1.45
P100000120544,steel,9,1,1,4.4,4.4
P100000120544,steel,10,9,8,1.231111111111111,2.12
P100000120544,steel,11,10,10,0.861,1.24
P100000120544,steel,12,9,7,0.8588888888888888,1.41
P100000120546,steel,1,3,3,0.7000000000000001,0.85
P100000120546,steel,2,5,4,0.984,1.32
P100000120546,steel,3,4,4,1.0925,1.33
P100000120546,steel,4,4,3,1.1325,1.17
P100000120546,steel,6,1,1,0.48,0.48
P100000120546,steel,7,1,1,2.18,2.18
P100000120546,steel,8,2,2,2.0149999999999997,2.03
P100000120546,steel,9,1,1,1.15,1.15
P100000120546,steel,10,6,5,0.9916666666666667,1.83
P100000120546,steel,11,14,12,0.9614285714285715,1.42
P100000120546,steel,12,25,16,0.812,1.38
P100000120547,steel,1,4,4,0.8049999999999999,0.94
P100000120547,steel,2,3,3,1.6533333333333333,3.05
P100000120547,steel,3,3,3,1.1933333333333334,1.68
P100000120547,steel,9,4,3,2.1374999999999997,3.96
P100000120547,steel,11,3,3,1.1199999999999999,1.27
P100000120547,steel,12,8,7,0.9612499999999999,1.76
P100000120549,steel,1,7,7,0.7542857142857143,1.09
P100000120549,steel,2,6,6,0.7399999999999999,1.27
P100000120549,steel,3,5,5,0.9200000000000002,1.31
P100000120549,steel,4,2,2,0.6799999999999999,0.99
P100000120549,steel,6,1,1,1.69,1.69
P100000120549,steel,8,1,1,1.34,1.34
P100000120549,steel,9,1,1,1.1,1.1
P100000120549,steel,10,3,3,0.8866666666666667,1.12
P100000120549,steel,11,7,7,0.7428571428571429,1.28
P100000120549,steel,12,7,7,0.7128571428571429,1.09
P100000120552,steel,1,5,4,1.242,1.45
P100000120552,steel,2,3,3,1.36,1.54
P100000120552,steel,3,8,7,1.27125,2.08
P100000120552,steel,4,5,3,0.7779999999999999,0.97
P100000120552,steel,5,3,2,1.2666666666666666,1.75
P100000120552,steel,6,1,1,0.71,0.71
P100000120552,steel,7,1,1,0.41,0.41
P100000120552,steel,8,1,1,0.7,0.7
P100000120552,steel,9,2,2,0.89,1.32
P100000120552,steel,10,1,1,0.64,0.64
P100000120552,steel,11,3,3,1.3266666666666667,1.39
P100000120552,steel,12,7,7,0.9914285714285713,1.41
P100000120555,steel,1,68,27,2.1080882352941175,6.74
P100000120555,steel,2,60,21,2.574,8.11
P100000120555,steel,3,77,27,2.015194805194805,6.95
P100000120555,steel,4,58,26,2.9939655172413793,9.66
P100000120555,steel,5,32,15,3.1246875,8.07
P100000120555,steel,6,18,11,2.3311111111111114,6.56
P100000120555,steel,7,14,7,2.195,4.34
P100000120555,steel,8,31,13,2.643548387096774,9.52
P100000120555,steel,9,47,19,2.287659574468085,7.67
P100000120555,steel,10,55,20,2.4507272727272724,9.01
P100000120555,steel,11,91,28,2.3297802197802198,7.61
P100000120555,steel,12,94,29,1.9086170212765956,5.22
P100000120557,steel,1,45,28,1.855777777777778,2.87
P100000120557,steel,2,46,26,2.0719565217391307,4.2
P100000120557,steel,3,20,16,2.056,3.87
P100000120557,steel,4,17,15,1.7794117647058822,2.84
P100000120557,steel,5,20,9,2.2670000000000003,5.09
P100000120557,steel,6,10,8,2.355,3.92
P100000120557,steel,8,16,11,1.83875,3.5
P100000120557,steel,9,11,9,2.0318181818181817,3.37
P100000120557,steel,10,14,12,1.4885714285714287,2.74
P100000120557,steel,11,56,28,1.9996428571428573,4.09
P100000120557,steel,12,59,31,1.755593220338983,3.15
P100000120558,steel,1,41,26,1.8078048780487805,5.97
P100000120558,steel,2,36,25,1.4922222222222221,3.48
P100000120558,steel,3,32,26,2.0546875,6.75
P100000120558,steel,4,22,17,1.5631818181818182,2.77
P100000120558,steel,5,17,11,2.432352941176471,9.55
P100000120558,steel,6,10,8,2.71,6.54
P100000120558,steel,7,3,3,2.7733333333333334,3.16
P100000120558,steel,8,6,5,1.8816666666666666,3.97
P100000120558,steel,9,6,6,1.5816666666666668,2.71
P100000120558,steel,10,19,15,1.5421052631578949,5.87
P100000120558,steel,11,30,21,1.7823333333333333,4.38
P100000120558,steel,12,40,30,1.4300000000000002,2.73
P100000120560,steel,1,9,8,1.271111111111111,1.87
P100000120560,steel,2,12,8,1.0408333333333333,1.58
P100000120560,steel,3,12,11,1.9783333333333335,3.95
P100000120560,steel,4,5,4,2.0780000000000003,5.1
P100000120560,steel,5,1,1,1.45,1.45
P100000120560,steel,6,4,4,2.22,4.67
P100000120560,steel,8,2,2,1.9200000000000002,2.95
P100000120560,steel,9,7,6,1.48,1.86
P100000120560,steel,10,14,10,1.5471428571428572,3.4
P100000120560,steel,11,12,10,1.5675,3.35
P100000120560,steel,12,17,14,0.9976470588235294,2.2
P100000120562,steel,1,7,7,0.4928571428571429,0.64
P100000120562,steel,2,2,2,0.435,0.45
P100000120562,steel,3,1,1,0.36,0.36
P100000120562,steel,4,2,2,1.3,1.48
P100000120562,steel,5,1,1,0.42,0.42
P100000120562,steel,11,1,1,0.29,0.29
P100000120562,steel,12,8,8,0.47625,0.56
P100000120563,steel,3,5,5,0.868,1.12
P100000120563,steel,4,4,4,0.78,0.9
P100000120563,steel,5,3,3,0.59,0.82
P100000120563,steel,6,1,1,0.76,0.76
P100000120563,steel,9,4,4,0.515,0.69
P100000120563,steel,10,2,1,0.5800000000000001,0.66
P100000120563,steel,11,3,3,0.5233333333333333,0.69
P100000120563,steel,12,4,4,0.7225,0.88
P100000120564,steel,1,5,5,0.594,0.94
P100000120564,steel,2,15,11,0.9286666666666666,1.92
P100000120564,steel,3,4,3,0.4925,0.7
P100000120564,steel,4,4,3,1.1525,1.27
P100000120564,steel,5,1,1,0.69,0.69
P100000120564,steel,11,3,3,0.5966666666666667,0.71
P100000120564,steel,12,2,1,0.55,0.57
P100000120566,steel,1,21,19,0.9495238095238095,1.44
P100000120566,steel,2,18,14,1.702777777777778,6.66
P100000120566,steel,3,17,13,1.45,4.79
P100000120566,steel,4,10,9,2.638,10.34
P100000120566,steel,5,6,6,1.3933333333333333,1.75
P100000120566,steel,6,4,3,1.6775,2.17
P100000120566,steel,8,2,2,1.875,2.48
P100000120566,steel,9,3,3,2.6966666666666668,3.93
P100000120566,steel,10,16,10,1.534375,3.24
P100000120566,steel,11,19,17,1.1931578947368422,1.68
P100000120566,steel,12,22,19,1.1045454545454545,3.33
P100000120567,steel,1,40,30,1.03,1.82
P100000120567,steel,2,36,25,1.2747222222222223,5.46
P100000120567,steel,3,39,27,1.2187179487179487,2.9
P100000120567,steel,4,26,19,1.264230769230769,2.42
P100000120567,steel,5,13,9,1.5607692307692307,3.0
P100000120567,steel,6,6,4,1.8366666666666667,2.68
P100000120567,steel,7,2,1,1.265,1.68
P100000120567,steel,8,13,10,1.813076923076923,4.18
P100000120567,steel,9,11,11,1.3181818181818181,2.63
P100000120567,steel,10,25,18,1.3244,1.89
P100000120567,steel,11,26,19,1.028076923076923,1.81
P100000120567,steel,12,52,29,1.0726923076923076,2.23
P100000120568,steel,1,7,6,1.6228571428571428,2.94
P100000120568,steel,2,7,7,1.6371428571428572,2.52
P100000120568,steel,3,3,2,2.3533333333333335,4.34
P100000120568,steel,4,3,2,2.3833333333333333,4.91
P100000120568,steel,5,3,2,2.1666666666666665,4.32
P100000120568,steel,6,1,1,0.52,0.52
P100000120568,steel,7,2,1,2.17,2.41
P100000120568,steel,8,1,1,1.36,1.36
P100000120568,steel,9,2,2,2.26,2.45
P100000120568,steel,10,4,3,1.5725,2.45
P100000120568,steel,11,7,4,1.217142857142857,2.25
P100000120568,steel,12,5,5,1.1720000000000002,1.56
P100000120569,steel,1,59,28,1.4689830508474577,2.79
P100000120569,steel,2,48,25,1.4652083333333332,2.84
P100000120569,steel,3,71,30,1.8453521126760566,3.75
P100000120569,steel,4,45,22,2.1337777777777776,6.06
P100000120569,steel,5,35,14,3.2874285714285714,9.64
P100000120569,steel,6,31,12,2.6716129032258062,9.76
P100000120569,steel,7,8,5,1.45625,3.29
P100000120569,steel,8,27,14,1.6685185185185185,4.36
P100000120569,steel,9,42,17,1.9416666666666667,7.1
P100000120569,steel,10,54,19,2.7174074074074075,7.39
P100000120569,steel,11,95,28,2.0833684210526315,5.9
P100000120569,steel,12,102,28,2.2954901960784313,6.14
P100000120575,steel,1,22,18,1.4527272727272729,4.02
P100000120575,steel,2,24,18,1.7008333333333334,4.79
P100000120575,steel,3,24,17,1.7750000000000001,3.84
P100000120575,steel,4,12,11,1.8225,3.91
P100000120575,steel,5,6,6,2.38,3.23
P100000120575,steel,6,2,2,0.96,1.16
P100000120575,steel,7,2,2,1.33,1.82
P100000120575,steel,8,1,1,5.06,5.06
P100000120575,steel,9,2,2,1.135,1.77
P100000120575,steel,10,9,8,1.1855555555555555,2.1
P100000120575,steel,11,17,15,1.3958823529411766,2.48
P100000120575,steel,12,28,24,1.3307142857142857,2.18
P100000120576,steel,5,3,2,4.526666666666666,9.14
P100000121032,steel,1,1,1,0.66,0.66
P100000121032,steel,3,2,2,0.65,0.74
P100000121032,steel,10,1,1,0.77,0.77
P100000121032,steel,12,1,1,0.94,0.94
P100000121165,steel,1,49,29,1.2159183673469387,2.68
P100000121165,steel,2,44,28,1.2286363636363637,3.33
P100000121165,steel,3,39,27,1.432051282051282,2.51
P100000121165,steel,4,20,16,1.3675000000000002,3.5
P100000121165,steel,5,14,11,1.2557142857142856,1.79
P100000121165,steel,6,22,13,1.617727272727273,3.6
P100000121165,steel,7,1,1,0.33,0.33
P100000121165,steel,8,6,5,1.4616666666666667,1.96
P100000121165,steel,9,18,14,1.526111111111111,2.8
P100000121165,steel,10,18,14,1.213888888888889,2.11
P100000121165,steel,11,51,27,1.5933333333333335,4.23
P100000121165,steel,12,51,31,1.39,2.54
P100000121178,steel,5,1,1,5.86,5.86
P100000121178,steel,6,2,2,7.425,7.96
P100000121181,steel,1,8,8,0.6275,0.87
P100000121181,steel,2,4,4,0.8300000000000001,0.93
P100000121181,steel,10,1,1,0.73,0.73
P100000121181,steel,11,3,3,0.8266666666666667,1.19
P100000121181,steel,12,3,3,0.8666666666666667,1.17
P100000121182,steel,1,51,29,1.1562745098039215,2.13
P100000121182,steel,2,59,27,1.391864406779661,2.56
P100000121182,steel,3,34,25,1.6158823529411763,2.58
P100000121182,steel,4,17,14,1.3670588235294117,1.92
P100000121182,steel,5,21,13,1.6285714285714288,4.59
P100000121182,steel,6,23,15,2.570869565217391,8.85
P100000121182,steel,7,7,5,1.7014285714285715,2.75
P100000121182,steel,8,6,5,1.495,2.18
P100000121182,steel,9,9,7,1.2233333333333334,2.41
P100000121182,steel,10,34,17,1.5667647058823528,4.35
P100000121182,steel,11,48,26,1.6266666666666667,2.9
P100000121182,steel,12,56,28,1.5767857142857142,3.28
P100000121183,steel,1,144,29,1.8386805555555554,5.19
P100000121183,steel,2,140,28,1.788,3.73
P100000121183,steel,3,109,27,2.091467889908257,5.48
P100000121183,steel,4,81,22,2.200246913580247,6.37
P100000121183,steel,5,57,18,2.6119298245614035,8.13
P100000121183,steel,6,53,13,1.8692452830188677,8.91
P100000121183,steel,7,11,5,1.46,2.04
P100000121183,steel,8,15,7,1.6106666666666667,3.43
P100000121183,steel,9,48,17,1.68625,5.6
P100000121183,steel,10,85,18,2.009176470588235,5.89
P100000121183,steel,11,126,27,1.8052380952380953,3.91
P100000121183,steel,12,134,28,1.8111194029850746,4.93
P100000121184,steel,1,27,18,1.46,3.98
P100000121184,steel,2,22,15,1.9868181818181818,4.22
P100000121184,steel,3,22,18,1.9136363636363638,4.03
P100000121184,steel,4,19,13,2.006315789473684,4.1
P100000121184,steel,5,14,10,2.1014285714285714,4.03
P100000121184,steel,6,5,4,1.452,2.52
P100000121184,steel,7,3,2,1.1866666666666668,1.49
P100000121184,steel,8,3,3,1.6166666666666665,1.84
P100000121184,steel,9,6,4,1.8833333333333335,2.97
P100000121184,steel,10,17,14,2.3582352941176468,6.88
P100000121184,steel,11,27,18,1.8414814814814815,5.79
P100000121184,steel,12,42,22,1.560952380952381,4.75
P100000121185,steel,2,6,6,0.63,1.01
P100000121185,steel,3,2,2,0.425,0.44
P100000121185,steel,4,2,2,0.6299999999999999,0.69
P100000121185,steel,5,1,1,1.08,1.08
P100000121185,steel,6,1,1,0.94,0.94
P100000121185,steel,9,4,4,0.98,1.38
P100000121185,steel,10,6,6,0.685,0.94
P100000121185,steel,11,8,8,0.81125,1.13
P100000121185,steel,12,9,8,0.68,0.92
P100000121186,steel,1,63,31,1.2912698412698411,2.34
P100000121186,steel,2,55,28,1.204909090909091,2.45
P100000121186,steel,3,48,29,1.2129166666666666,2.08
P100000121186,steel,4,53,24,1.7067924528301885,5.93
P100000121186,steel,5,30,15,1.8513333333333333,8.04
P100000121186,steel,6,17,8,1.5270588235294118,4.12
P100000121186,steel,7,11,4,0.9618181818181818,2.87
P100000121186,steel,8,18,6,1.328888888888889,3.14
P100000121186,steel,9,35,15,1.2711428571428571,3.43
P100000121186,steel,10,63,22,1.7193650793650792,6.98
P100000121186,steel,11,98,27,1.323673469387755,2.92
P100000121186,steel,12,96,29,1.455,4.07
P100000121187,steel,1,120,30,2.4261666666666666,6.3
P100000121187,steel,2,79,26,2.890759493670886,7.51
P100000121187,steel,3,98,30,3.314387755102041,10.87
P100000121187,steel,4,65,25,3.522153846153846,8.95
P100000121187,steel,5,51,19,3.5731372549019604,8.33
P100000121187,steel,6,33,16,2.7796969696969698,7.03
P100000121187,steel,7,20,9,2.265,9.0
P100000121187,steel,8,28,15,2.6807142857142856,6.36
P100000121187,steel,9,41,20,2.475121951219512,8.83
P100000121187,steel,10,80,22,2.730875,6.54
P100000121187,steel,11,96,29,3.033541666666667,7.38
P100000121187,steel,12,112,30,2.639464285714286,6.11
P100000121188,steel,1,33,25,2.389393939393939,6.19
P100000121188,steel,2,28,18,2.858214285714286,7.09
P100000121188,steel,3,29,20,2.6951724137931032,7.6
P100000121188,steel,4,32,19,3.62625,9.77
P100000121188,steel,5,18,11,3.0616666666666665,6.34
P100000121188,steel,6,4,3,1.5575,2.19
P100000121188,steel,7,4,3,4.02,6.91
P100000121188,steel,8,11,8,1.780909090909091,3.48
P100000121188,steel,9,13,10,3.322307692307692,6.62
P100000121188,steel,10,29,14,2.772758620689655,9.2
P100000121188,steel,11,39,25,2.822051282051282,6.12
P100000121188,steel,12,39,24,2.077948717948718,5.46
P100000121189,steel,1,79,29,1.9310126582278482,5.45
P100000121189,steel,2,63,23,1.8023809523809524,3.96
P100000121189,steel,3,85,27,2.1845882352941177,6.66
P100000121189,steel,4,66,22,2.1772727272727272,7.28
P100000121189,steel,5,46,15,2.482173913043478,7.8
P100000121189,steel,6,34,14,2.0888235294117647,5.13
P100000121189,steel,7,9,5,1.7255555555555557,2.83
P100000121189,steel,8,26,9,1.3111538461538463,2.81
P100000121189,steel,9,38,15,1.5223684210526316,3.97
P100000121189,steel,10,54,19,2.0188888888888887,6.81
P100000121189,steel,11,92,28,1.7440217391304347,4.03
P100000121189,steel,12,91,30,1.841098901098901,4.11
P100000121190,steel,2,1,1,0.7,0.7
P100000121191,steel,1,45,27,1.3624444444444446,2.25
P100000121191,steel,2,59,26,1.5230508474576272,3.39
P100000121191,steel,3,52,26,1.8286538461538462,3.83
P100000121191,steel,4,29,20,1.7679310344827588,3.78
P100000121191,steel,5,16,10,1.91,6.26
P100000121191,steel,6,11,8,1.7827272727272727,2.79
P100000121191,steel,7,2,2,1.065,1.59
P100000121191,steel,8,4,4,0.87,1.2
P100000121191,steel,9,11,8,1.6272727272727272,3.6
P100000121191,steel,10,29,17,1.466896551724138,2.59
P100000121191,steel,11,46,27,1.3830434782608696,3.35
P100000121191,steel,12,53,28,1.2939622641509434,2.36
P100000121192,steel,1,55,29,1.392181818181818,2.38
P100000121192,steel,2,36,24,1.2519444444444445,2.43
P100000121192,steel,3,42,27,1.7188095238095238,2.95
P100000121192,steel,4,36,25,1.7241666666666666,4.39
P100000121192,steel,5,12,9,1.7266666666666666,4.08
P100000121192,steel,6,6,5,1.3366666666666667,1.82
P100000121192,steel,8,11,8,1.4490909090909092,3.49
P100000121192,steel,9,9,8,1.7233333333333334,3.24
P100000121192,steel,10,19,15,1.2326315789473683,1.96
P100000121192,steel,11,32,24,1.36375,2.92
P100000121192,steel,12,56,31,1.5960714285714286,3.07
P100000121195,steel,1,9,8,1.4433333333333334,2.82
P100000121195,steel,2,11,9,1.9654545454545456,3.61
P100000121195,steel,3,10,7,2.116,3.95
P100000121195,steel,4,1,1,10.51,10.51
P100000121195,steel,5,5,4,5.26,15.89
P100000121195,steel,7,5,3,1.968,4.12
P100000121195,steel,9,1,1,1.04,1.04
P100000121195,steel,10,16,11,1.133125,2.85
P100000121195,steel,11,16,10,1.59125,5.33
P100000121195,steel,12,31,21,1.5480645161290323,4.07
P100000121205,steel,1,9,9,1.09,1.75
P100000121205,steel,2,8,8,1.70875,4.5
P100000121205,steel,3,6,6,1.5833333333333333,3.53
P100000121205,steel,4,9,9,2.445555555555556,5.36
P100000121205,steel,5,10,8,3.657,9.46
P100000121205,steel,9,1,1,0.93,0.93
P100000121205,steel,10,1,1,1.04,1.04
P100000121205,steel,11,5,5,1.1640000000000001,1.65
P100000121205,steel,12,5,5,1.112,1.24
P100000121207,steel,1,1,1,1.42,1.42
P100000121216,steel,1,2,2,1.1800000000000002,1.35
P100000121216,steel,11,1,1,3.61,3.61
P100000121216,steel,12,5,5,2.242,5.19
P100000121236,steel,1,9,9,1.2033333333333334,2.32
P100000121236,steel,2,7,5,1.0457142857142858,1.56
P100000121236,steel,3,6,5,1.705,3.04
P100000121236,steel,4,7,7,2.741428571428571,7.13
P100000121236,steel,5,1,1,0.75,0.75
P100000121236,steel,7,2,2,0.835,0.87
P100000121236,steel,10,2,2,0.875,1.13
P100000121236,steel,11,11,11,1.6227272727272728,2.25
P100000121236,steel,12,16,13,1.25125,2.64
P100000121239,steel,1,13,12,0.6676923076923077,1.11
P100000121239,steel,2,2,2,0.61,0.79
P100000121239,steel,3,1,1,0.78,0.78
P100000121239,steel,9,1,1,0.84,0.84
P100000121239,steel,10,2,2,0.91,1.09
P100000121239,steel,11,13,13,0.6892307692307693,1.26
P100000121239,steel,12,12,11,0.7158333333333333,1.32
P100000123900,cement,1,3,3,0.8733333333333334,0.95
P100000123900,cement,2,1,1,0.66,0.66
P100000123900,cement,8,1,1,2.57,2.57
P100000123900,cement,10,1,1,1.0,1.0
P100000123900,cement,11,4,4,0.7825,1.17
P100000123900,cement,12,3,3,0.7233333333333333,0.83
P100000123901,cement,1,16,14,1.21875,1.99
P100000123901,cement,2,16,13,1.24875,1.99
P100000123901,cement,3,14,12,1.2735714285714284,2.15
P100000123901,cement,4,3,3,1.7066666666666668,2.0
P100000123901,cement,5,3,3,1.46,1.52
P100000123901,cement,8,4,3,1.7075,2.51
P100000123901,cement,9,7,7,1.172857142857143,1.96
P100000123901,cement,10,10,9,1.215,1.74
P100000123901,cement,11,16,14,0.944375,1.5
P100000123901,cement,12,11,11,0.9827272727272728,1.48
P100000123902,cement,11,1,1,4.81,4.81
P100000123904,cement,1,84,28,3.050357142857143,14.49
P100000123904,cement,2,75,26,3.1804,29.45
P100000123904,cement,3,73,29,3.1865753424657535,14.1
P100000123904,cement,4,41,21,3.0456097560975612,11.38
P100000123904,cement,5,21,13,2.802857142857143,6.95
P100000123904,cement,6,15,11,3.5959999999999996,10.96
P100000123904,cement,7,3,2,2.8266666666666667,6.98
P100000123904,cement,8,11,5,4.548181818181818,23.32
P100000123904,cement,9,39,18,1.8471794871794873,7.52
P100000123904,cement,10,50,19,2.5944,11.21
P100000123904,cement,11,80,28,3.0285,22.68
P100000123904,cement,12,81,29,2.8098765432098767,13.86
P100000123906,cement,5,2,1,2.9,2.9
P100000123911,cement,2,3,3,0.42333333333333334,0.59
P100000123911,cement,12,3,3,0.58,0.6
P100000123917,cement,1,14,13,1.0992857142857144,1.66
P100000123917,cement,2,12,10,1.1983333333333335,1.58
P100000123917,cement,3,5,5,1.848,3.23
P100000123917,cement,4,4,3,1.555,2.23
P100000123917,cement,9,1,1,0.55,0.55
P100000123917,cement,10,1,1,0.94,0.94
P100000123917,cement,11,6,6,0.9516666666666667,1.05
P100000123917,cement,12,7,7,0.9657142857142856,1.4
P100000123918,cement,1,3,3,0.8799999999999999,1.03
P100000123918,cement,2,5,5,0.882,1.08
P100000123918,cement,3,5,5,1.226,1.94
P100000123918,cement,4,2,2,1.31,1.33
P100000123918,cement,5,1,1,1.02,1.02
P100000123918,cement,10,3,2,0.7866666666666666,0.93
P100000123918,cement,11,6,4,0.8450000000000001,1.03
P100000123918,cement,12,9,8,0.841111111111111,1.64
P100000123919,cement,2,1,1,1.75,1.75
P100000123920,cement,4,1,1,1.01,1.01
P100000123920,cement,12,9,8,0.9288888888888889,1.35
P100000123925,cement,3,1,1,3.87,3.87
P100000123927,cement,1,2,2,0.71,0.74
P100000123927,cement,3,4,4,0.965,1.16
P100000123927,cement,4,2,2,0.8,0.9
P100000123927,cement,9,1,1,0.85,0.85
P100000123927,cement,10,1,1,0.93,0.93
P100000123927,cement,11,5,5,0.6980000000000001,0.89
P100000123927,cement,12,10,10,1.418,7.74
P100000123929,cement,1,12,10,0.9208333333333334,1.5
P100000123929,cement,2,13,12,1.093076923076923,1.7
P100000123929,cement,3,8,8,0.99875,1.47
P100000123929,cement,4,7,6,1.4414285714285715,2.21
P100000123929,cement,5,5,4,1.348,3.26
P100000123929,cement,6,1,1,1.04,1.04
P100000123929,cement,7,1,1,1.17,1.17
P100000123929,cement,8,3,3,1.06,1.55
P100000123929,cement,10,4,3,2.1925,4.21
P100000123929,cement,11,4,4,1.165,1.99
P100000123929,cement,12,14,13,0.9757142857142858,1.54
P100000123930,cement,1,1,1,0.46,0.46
P100000123930,cement,2,2,2,0.755,0.91
P100000123930,cement,4,1,1,0.81,0.81
P100000123930,cement,12,1,1,0.66,0.66
P100000123932,cement,12,2,2,0.6699999999999999,0.83
P100000123934,cement,1,3,3,0.6266666666666666,0.77
P100000123934,cement,2,6,6,1.5416666666666667,2.2
P100000123934,cement,3,1,1,2.64,2.64
P100000123934,cement,5,2,2,2.51,2.56
P100000123934,cement,6,1,1,1.76,1.76
P100000123934,cement,9,1,1,0.81,0.81
P100000123934,cement,10,4,2,5.985,13.81
P100000123934,cement,11,5,5,5.418,12.33
P100000123934,cement,12,4,4,1.6075000000000002,3.2
P100000123939,cement,1,2,2,0.5900000000000001,0.65
P100000123939,cement,2,17,15,1.018235294117647,1.42
P100000123939,cement,3,22,19,1.315909090909091,1.96
P100000123939,cement,4,8,7,1.46375,1.76
P100000123939,cement,5,1,1,3.46,3.46
P100000123939,cement,6,4,3,1.1825,1.52
P100000123939,cement,8,2,2,1.145,1.43
P100000123939,cement,9,1,1,0.71,0.71
P100000123939,cement,10,6,6,1.0,1.25
P100000123939,cement,11,9,9,0.8677777777777779,1.06
P100000123939,cement,12,19,17,0.9515789473684212,1.32
P100000123940,cement,1,6,6,0.8166666666666668,0.98
P100000123940,cement,2,2,2,0.9400000000000001,1.11
P100000123940,cement,5,2,2,1.28,1.76
P100000123941,cement,1,4,4,0.95,1.17
P100000123941,cement,2,1,1,1.47,1.47
P100000123941,cement,3,1,1,0.56,0.56
P100000123941,cement,4,2,2,0.845,1.02
P100000123941,cement,5,1,1,0.95,0.95
P100000123941,cement,6,1,1,0.54,0.54
P100000123941,cement,9,2,2,1.025,1.41
P100000123941,cement,12,4,4,0.72,0.78
P100000123942,cement,4,1,1,10.7,10.7
P100000123942,cement,5,2,2,6.074999999999999,8.7
P100000123942,cement,11,1,1,3.56,3.56
P100000123947,cement,2,1,1,12.36,12.36
P100000123947,cement,12,2,1,12.51,13.08
P100000123950,cement,11,1,1,0.58,0.58
P100000123952,cement,2,1,1,0.29,0.29
P100000123952,cement,3,2,2,1.105,1.16
P100000123956,cement,3,7,7,1.422857142857143,2.0
P100000123956,cement,4,14,13,2.0307142857142857,3.72
P100000123957,cement,1,11,11,1.1218181818181818,1.67
P100000123957,cement,2,9,8,1.1366666666666667,1.5
P100000123957,cement,3,6,6,1.1849999999999998,1.43
P100000123957,cement,4,3,3,1.4100000000000001,1.62
P100000123957,cement,5,1,1,1.15,1.15
P100000123957,cement,8,2,2,0.98,1.02
P100000123957,cement,10,2,2,0.715,0.83
P100000123957,cement,11,7,7,1.1014285714285714,1.58
P100000123957,cement,12,12,11,0.9858333333333333,1.41
P100000123958,cement,1,1,1,0.65,0.65
P100000123960,cement,1,2,2,0.685,0.69
P100000123960,cement,11,1,1,2.76,2.76
P100000123960,cement,12,1,1,3.18,3.18
P100000123961,cement,1,18,16,1.2672222222222222,2.04
P100000123961,cement,2,12,8,1.3183333333333334,2.09
P100000123961,cement,3,11,11,1.4063636363636365,2.05
P100000123961,cement,4,10,10,1.9929999999999999,3.07
P100000123961,cement,5,7,7,2.2199999999999998,4.9
P100000123961,cement,6,7,7,2.05,3.21
P100000123961,cement,8,7,5,1.3057142857142858,1.69
P100000123961,cement,9,13,10,1.583846153846154,4.71
P100000123961,cement,10,14,12,1.22,1.89
P100000123961,cement,11,9,9,1.1944444444444444,1.67
P100000123961,cement,12,13,11,1.1538461538461537,1.78
P100000123967,cement,1,1,1,0.74,0.74
P100000123967,cement,2,1,1,1.12,1.12
P100000123967,cement,3,5,4,3.3600000000000003,6.23
P100000123967,cement,9,1,1,0.61,0.61
P100000123967,cement,11,6,6,0.6966666666666667,1.24
P100000123967,cement,12,9,7,0.9833333333333333,2.61
P100000123969,cement,1,83,26,2.4056626506024097,8.9
P100000123969,cement,2,81,26,2.1939506172839507,5.91
P100000123969,cement,3,78,28,2.9747435897435897,10.66
P100000123969,cement,4,58,23,3.196206896551724,8.25
P100000123969,cement,5,23,8,3.154782608695652,7.04
P100000123969,cement,6,5,4,1.778,2.74
P100000123969,cement,7,6,3,1.7566666666666668,2.7
P100000123969,cement,8,5,3,1.682,2.97
P100000123969,cement,9,8,5,1.32875,2.0
P100000123969,cement,10,40,16,2.0607499999999996,5.05
P100000123969,cement,11,64,22,2.29546875,9.5
P100000123969,cement,12,80,28,1.9899999999999998,4.98
P100000123970,cement,1,2,2,1.365,1.44
P100000123970,cement,2,3,3,1.0366666666666666,1.23
P100000123970,cement,3,2,2,0.895,1.11
P100000123970,cement,4,2,2,2.7399999999999998,3.8
P100000123970,cement,5,2,1,2.045,2.19
P100000123970,cement,7,2,2,0.7849999999999999,0.83
P100000123970,cement,8,1,1,0.5,0.5
P100000123970,cement,9,2,2,1.0899999999999999,1.22
P100000123970,cement,10,2,2,1.415,1.57
P100000123970,cement,11,1,1,1.53,1.53
P100000123970,cement,12,3,3,0.8233333333333333,0.95
P100000123974,cement,3,2,2,1.155,1.71
P100000123975,cement,4,2,2,5.1899999999999995,6.12
P100000123976,cement,2,1,1,4.64,4.64
P100000123977,cement,3,1,1,0.65,0.65
P100000123977,cement,5,2,2,0.895,1.01
P100000123977,cement,9,3,2,0.9500000000000001,1.04
P100000123977,cement,10,8,8,0.79125,1.02
P100000123977,cement,11,4,4,0.4925,0.73
P100000123977,cement,12,2,2,0.7050000000000001,0.79
P100000123978,cement,1,26,21,1.1334615384615385,1.98
P100000123978,cement,2,29,24,1.2310344827586208,1.79
P100000123978,cement,3,16,15,1.694375,2.17
P100000123978,cement,4,4,4,1.69,2.82
P100000123978,cement,5,1,1,2.86,2.86
P100000123978,cement,6,1,1,2.19,2.19
P100000123978,cement,8,2,2,0.84,0.99
P100000123978,cement,9,4,4,0.8325,1.23
P100000123978,cement,10,14,12,1.0792857142857142,1.48
P100000123978,cement,11,20,19,1.1244999999999998,1.7
P100000123978,cement,12,26,23,1.03,1.64
P100000123979,cement,1,6,6,0.8466666666666667,1.17
P100000123979,cement,2,5,4,0.74,1.14
P100000123979,cement,3,6,5,1.0450000000000002,1.54
P100000123979,cement,4,1,1,0.75,0.75
P100000123979,cement,5,1,1,1.31,1.31
P100000123979,cement,8,1,1,1.67,1.67
P100000123979,cement,9,1,1,0.69,0.69
P100000123979,cement,11,1,1,0.65,0.65
P100000123979,cement,12,8,8,0.86875,1.11
P100000123981,cement,1,11,11,1.039090909090909,1.69
P100000123981,cement,2,8,8,0.91125,1.38
P100000123981,cement,3,7,7,1.3928571428571428,3.35
P100000123981,cement,4,6,6,1.7433333333333334,2.52
P100000123981,cement,5,4,3,1.4475,1.99
P100000123981,cement,6,1,1,1.4,1.4
P100000123981,cement,8,2,2,1.7400000000000002,2.72
P100000123981,cement,9,1,1,0.65,0.65
P100000123981,cement,10,5,5,1.1400000000000001,1.31
P100000123981,cement,11,7,7,0.9228571428571428,1.39
P100000123981,cement,12,15,12,0.9606666666666667,1.69
P100000123982,cement,1,8,8,0.63375,0.86
P100000123982,cement,2,7,7,0.7871428571428571,1.1
P100000123982,cement,3,4,4,1.02,1.21
P100000123982,cement,4,3,3,1.9366666666666665,2.26
P100000123982,cement,5,5,5,2.6879999999999997,7.69
P100000123982,cement,6,1,1,0.34,0.34
P100000123982,cement,10,2,2,1.08,1.19
P100000123982,cement,11,9,9,0.8722222222222222,1.14
P100000123982,cement,12,4,4,0.72,0.84
P100000123985,cement,1,18,11,1.1944444444444444,1.79
P100000123985,cement,2,16,14,1.394375,2.19
P100000123985,cement,3,4,4,1.565,2.79
P100000123985,cement,4,13,10,2.356923076923077,4.88
P100000123985,cement,5,4,4,2.5675,5.13
P100000123985,cement,6,2,2,0.74,0.95
P100000123985,cement,7,4,3,1.0575,1.44
P100000123985,cement,8,1,1,1.18,1.18
P100000123985,cement,9,6,5,1.1333333333333333,1.39
P100000123985,cement,10,10,8,1.171,1.76
P100000123985,cement,11,9,8,1.3633333333333333,1.9
P100000123985,cement,12,4,4,1.105,1.52
P100000123986,cement,1,5,5,1.06,1.4
P100000123986,cement,2,1,1,1.44,1.44
P100000123986,cement,10,2,2,1.135,1.62
P100000123986,cement,11,8,6,1.16,1.58
P100000123986,cement,12,4,3,1.08,1.31
P100000123987,cement,1,2,2,0.6699999999999999,0.74
P100000123987,cement,2,2,2,0.585,0.66
P100000123987,cement,3,13,9,0.8992307692307692,1.5
P100000123987,cement,4,13,12,0.7969230769230768,1.8
P100000123987,cement,5,18,13,0.7933333333333334,1.57
P100000123987,cement,6,8,8,1.07625,1.68
P100000123987,cement,7,4,4,0.8,1.33
P100000123987,cement,8,3,3,0.8933333333333334,1.01
P100000123987,cement,9,1,1,0.42,0.42
P100000123987,cement,10,5,5,0.504,0.56
P100000123987,cement,11,9,8,0.7666666666666667,1.07
P100000123987,cement,12,5,4,1.0,1.38
P100000123988,cement,1,9,9,0.7666666666666667,1.19
P100000123988,cement,2,5,5,0.6799999999999999,1.04
P100000123988,cement,3,3,3,1.0766666666666664,1.42
P100000123988,cement,4,2,2,2.42,2.58
P100000123988,cement,5,1,1,1.7,1.7
P100000123988,cement,6,1,1,1.25,1.25
P100000123988,cement,8,1,1,0.77,0.77
P100000123988,cement,9,1,1,0.75,0.75
P100000123988,cement,10,3,3,0.7333333333333334,0.81
P100000123988,cement,11,3,3,1.2166666666666668,1.33
P100000123988,cement,12,3,3,0.9166666666666666,1.16
P100000123989,cement,1,29,18,1.2086206896551723,1.7
P100000123989,cement,2,22,20,1.5113636363636365,2.22
P100000123989,cement,3,18,17,1.6627777777777777,2.94
P100000123989,cement,4,13,12,1.873076923076923,3.59
P100000123989,cement,5,5,5,2.0,3.11
P100000123989,cement,6,3,3,2.8766666666666665,4.14
P100000123989,cement,7,1,1,1.4,1.4
P100000123989,cement,8,6,5,1.43,2.18
P100000123989,cement,9,6,6,1.1916666666666667,1.63
P100000123989,cement,10,12,10,1.1758333333333333,2.25
P100000123989,cement,11,19,16,1.4826315789473683,2.51
P100000123989,cement,12,40,30,1.597,2.56
P100000123990,cement,4,1,1,2.27,2.27
P100000123991,cement,1,2,1,2.99,3.33
P100000123991,cement,3,3,3,1.9066666666666665,3.34
P100000123991,cement,5,1,1,1.02,1.02
P100000123992,cement,1,1,1,2.83,2.83
P100000123992,cement,3,2,1,13.74,20.32
P100000123993,cement,4,1,1,14.56,14.56
P100000123993,cement,11,2,2,3.2199999999999998,3.26
P100000124006,cement,1,2,1,1.0899999999999999,1.15
P100000124006,cement,2,2,2,0.8,0.84
P100000124006,cement,3,1,1,0.96,0.96
P100000124006,cement,4,2,2,6.8999999999999995,12.37
P100000124006,cement,9,2,2,0.6599999999999999,0.72
P100000124006,cement,10,1,1,0.51,0.51
P100000124006,cement,11,1,1,0.98,0.98
P100000124006,cement,12,8,8,0.735,1.07
P100000124007,cement,5,1,1,1.96,1.96
P100000124009,cement,1,3,3,0.6900000000000001,0.92
P100000124009,cement,2,5,5,0.8960000000000001,1.17
P100000124009,cement,3,3,3,1.2233333333333334,1.58
P100000124009,cement,4,6,6,1.0516666666666667,1.95
P100000124009,cement,5,5,4,0.6599999999999999,0.79
P100000124009,cement,10,1,1,0.56,0.56
P100000124009,cement,11,1,1,0.42,0.42
P100000124009,cement,12,4,4,0.7625,0.91
P100000124011,cement,1,20,17,1.089,1.61
P100000124011,cement,2,18,15,1.2577777777777779,2.12
P100000124011,cement,3,18,15,1.4816666666666667,2.12
P100000124011,cement,4,11,11,1.8518181818181818,3.05
P100000124011,cement,5,5,3,1.922,2.79
P100000124011,cement,6,1,1,4.24,4.24
P100000124011,cement,8,2,2,1.5150000000000001,2.37
P100000124011,cement,9,5,5,0.792,1.57
P100000124011,cement,10,10,9,1.0390000000000001,1.37
P100000124011,cement,11,19,17,0.9910526315789473,1.59
P100000124011,cement,12,26,21,1.1700000000000002,1.9
P100000124013,cement,1,9,9,0.741111111111111,0.93
P100000124013,cement,2,4,4,0.8775,1.26
P100000124013,cement,3,3,3,0.8366666666666666,1.04
P100000124013,cement,4,2,2,1.0350000000000001,1.08
P100000124013,cement,5,1,1,1.79,1.79
P100000124013,cement,8,1,1,1.0,1.0
P100000124013,cement,9,1,1,0.95,0.95
P100000124013,cement,10,3,3,0.6066666666666667,0.76
P100000124013,cement,11,7,6,0.8114285714285714,1.08
P100000124013,cement,12,10,10,0.682,1.04
P100000124019,cement,4,2,1,26.330000000000002,51.67
P100000124019,cement,12,4,3,3.2475,7.53
P100000124021,cement,3,1,1,3.35,3.35
P100000124021,cement,11,1,1,0.64,0.64
P100000124021,cement,12,1,1,0.77,0.77
P100000124023,cement,1,2,2,0.515,0.67
P100000124023,cement,2,1,1,0.83,0.83
P100000124025,cement,2,1,1,0.77,0.77
P100000124025,cement,3,2,2,0.405,0.49
P100000124025,cement,4,4,4,0.98,1.44
P100000124025,cement,11,1,1,0.49,0.49
P100000124025,cement,12,1,1,0.66,0.66
P100000124029,cement,1,1,1,0.61,0.61
P100000124029,cement,11,3,1,2.016666666666667,2.49
P100000124029,cement,12,1,1,4.95,4.95
P100000124031,cement,1,4,4,0.46499999999999997,0.84
P100000124031,cement,2,3,3,0.9233333333333333,0.99
P100000124031,cement,3,6,6,1.055,1.28
P100000124031,cement,4,2,2,1.08,1.23
P100000124031,cement,9,2,2,0.805,1.06
P100000124031,cement,10,2,2,1.01,1.1
P100000124031,cement,11,1,1,1.71,1.71
P100000124031,cement,12,4,4,0.4925,0.61
P100000124032,cement,3,1,1,0.45,0.45
P100000124032,cement,9,1,1,0.39,0.39
P100000124032,cement,12,2,2,0.835,0.95
P100000124033,cement,2,1,1,7.56,7.56
P100000124033,cement,3,1,1,1.88,1.88
P100000124034,cement,1,1,1,0.6,0.6
P100000124034,cement,2,1,1,0.57,0.57
P100000124034,cement,12,1,1,0.41,0.41
P100000124035,cement,12,1,1,2.55,2.55
P100000124039,cement,4,1,1,0.38,0.38
P100000124039,cement,9,1,1,0.49,0.49
P100000124040,cement,2,1,1,0.52,0.52
P100000124043,cement,1,2,2,0.605,0.65
P100000124043,cement,2,2,2,0.77,0.97
P100000124043,cement,3,1,1,0.77,0.77
P100000124045,cement,1,32,18,1.2625,2.04
P100000124045,cement,2,24,15,1.3908333333333334,2.37
P100000124045,cement,3,17,10,1.4823529411764707,2.65
P100000124045,cement,4,4,3,2.1325,3.09
P100000124045,cement,5,1,1,1.6,1.6
P100000124045,cement,6,6,2,1.595,1.91
P100000124045,cement,8,6,5,1.4916666666666665,2.14
P100000124045,cement,9,4,4,1.68,2.12
P100000124045,cement,10,13,8,1.3584615384615384,2.44
P100000124045,cement,11,13,9,0.9230769230769231,1.35
P100000124045,cement,12,14,9,1.2035714285714287,1.99
P100000124046,cement,1,1,1,3.45,3.45
P100000124049,cement,12,1,1,4.17,4.17
P100000124051,cement,1,1,1,3.73,3.73
P100000124052,cement,10,1,1,2.52,2.52
P100000124052,cement,12,1,1,1.25,1.25
P100000124055,cement,1,15,14,1.0833333333333333,2.07
P100000124055,cement,2,23,20,1.4195652173913043,2.13
P100000124055,cement,3,24,22,1.4270833333333333,2.38
P100000124055,cement,4,8,8,2.19625,2.75
P100000124055,cement,5,9,9,1.4288888888888889,2.23
P100000124055,cement,6,5,5,1.274,1.7
P100000124055,cement,7,4,3,1.555,2.11
P100000124055,cement,8,7,6,1.237142857142857,1.81
P100000124055,cement,9,8,6,1.03625,1.56
P100000124055,cement,10,17,13,1.7252941176470586,2.69
P100000124055,cement,11,11,10,1.2154545454545453,2.32
P100000124055,cement,12,28,21,1.3767857142857143,2.09
P100000124056,cement,1,7,7,0.8171428571428571,1.27
P100000124056,cement,2,14,13,0.9814285714285714,1.83
P100000124056,cement,3,10,10,1.1949999999999998,1.99
P100000124056,cement,4,9,8,1.9877777777777779,3.28
P100000124056,cement,6,5,5,1.1280000000000001,1.84
P100000124056,cement,10,2,2,0.5,0.53
P100000124056,cement,11,6,6,0.6066666666666667,0.72
P100000124056,cement,12,8,8,0.61375,0.91
P100000124057,cement,1,15,15,0.92,1.18
P100000124057,cement,2,16,15,0.9075,1.28
P100000124057,cement,3,9,8,0.8811111111111111,1.12
P100000124057,cement,4,4,4,1.4024999999999999,2.51
P100000124057,cement,6,3,3,1.8133333333333332,2.55
P100000124057,cement,8,3,2,1.2666666666666666,2.13
P100000124057,cement,10,4,3,0.8049999999999999,1.13
P100000124057,cement,11,10,8,0.768,0.95
P100000124057,cement,12,13,13,0.7323076923076923,1.01
P100000124058,cement,1,5,5,0.8400000000000001,1.03
P100000124058,cement,2,5,5,0.736,0.91
P100000124058,cement,3,4,4,1.095,1.33
P100000124058,cement,4,5,5,1.278,1.83
P100000124058,cement,5,3,3,1.45,1.58
P100000124058,cement,6,1,1,1.45,1.45
P100000124058,cement,10,1,1,0.49,0.49
P100000124058,cement,11,5,5,0.702,0.87
P100000124058,cement,12,3,3,0.5433333333333333,0.65
P100000124059,cement,1,11,10,0.829090909090909,1.13
P100000124059,cement,2,13,12,0.86,1.23
P100000124059,cement,3,12,12,1.1475,1.6
P100000124059,cement,4,7,6,1.7285714285714284,3.39
P100000124059,cement,5,4,4,2.015,2.91
P100000124059,cement,10,4,4,0.895,1.18
P100000124059,cement,11,11,11,1.0663636363636364,2.59
P100000124059,cement,12,5,4,0.748,1.01
P100000124060,cement,1,16,12,1.0175,1.53
P100000124060,cement,2,12,11,1.1558333333333333,1.52
P100000124060,cement,3,11,8,1.2481818181818183,2.35
P100000124060,cement,4,9,7,1.2833333333333334,1.94
P100000124060,cement,5,8,7,1.44375,3.83
P100000124060,cement,9,3,2,0.7133333333333334,0.79
P100000124060,cement,10,2,2,0.81,1.04
P100000124060,cement,11,4,4,0.7125,0.88
P100000124060,cement,12,16,12,1.025625,1.31
P100000124061,cement,1,1,1,0.7,0.7
P100000124061,cement,2,3,3,1.5566666666666666,2.48
P100000124062,cement,1,17,17,1.24,1.66
P100000124062,cement,2,20,19,1.4795,2.21
P100000124062,cement,3,10,10,1.866,3.38
P100000124062,cement,4,11,10,2.6163636363636367,5.55
P100000124062,cement,5,5,5,1.922,4.31
P100000124062,cement,6,1,1,4.06,4.06
P100000124062,cement,7,1,1,1.01,1.01
P100000124062,cement,8,3,3,0.89,1.14
P100000124062,cement,9,2,2,1.255,1.43
P100000124062,cement,10,17,13,1.1788235294117646,1.92
P100000124062,cement,11,24,21,1.1870833333333333,1.83
P100000124062,cement,12,14,12,1.2278571428571428,1.88
P100000124063,cement,1,2,2,0.665,0.74
P100000124063,cement,2,2,2,0.61,0.74
P100000124063,cement,3,1,1,0.74,0.74
P100000124063,cement,10,1,1,1.53,1.53
P100000124064,cement,1,27,20,1.257037037037037,2.14
P100000124064,cement,2,25,22,1.7275999999999998,2.58
P100000124064,cement,3,28,22,2.4925,5.62
P100000124064,cement,4,23,16,2.0852173913043477,6.14
P100000124064,cement,5,12,9,2.794166666666667,6.44
P100000124064,cement,6,5,4,1.598,4.37
P100000124064,cement,7,6,5,1.2483333333333333,2.04
P100000124064,cement,8,8,5,1.755,3.64
P100000124064,cement,9,6,4,0.965,1.16
P100000124064,cement,10,6,5,1.6383333333333334,1.92
P100000124064,cement,11,22,16,1.4222727272727271,2.16
P100000124064,cement,12,27,20,1.2996296296296297,3.05
P100000124065,cement,1,13,12,1.0776923076923077,1.67
P100000124065,cement,2,5,4,1.176,1.65
P100000124065,cement,3,5,5,0.8480000000000001,1.02
P100000124065,cement,4,4,4,1.5899999999999999,2.03
P100000124065,cement,5,7,6,1.6785714285714286,2.54
P100000124065,cement,6,3,3,3.4333333333333336,7.33
P100000124065,cement,11,4,3,1.1775,1.27
P100000124065,cement,12,8,6,1.0825,1.6
P100000124066,cement,1,10,10,0.9029999999999999,1.39
P100000124066,cement,2,11,10,1.0909090909090908,1.37
P100000124066,cement,3,6,6,1.2733333333333332,1.55
P100000124066,cement,4,2,1,1.365,1.51
P100000124066,cement,6,2,1,5.25,5.35
P100000124066,cement,8,2,2,0.76,0.76
P100000124066,cement,9,1,1,1.67,1.67
P100000124066,cement,10,7,7,0.8014285714285714,0.96
P100000124066,cement,11,2,2,0.76,0.9
P100000124066,cement,12,12,11,0.8533333333333334,1.15
P100000124067,cement,1,36,29,1.3419444444444446,2.39
P100000124067,cement,2,36,26,1.2058333333333333,2.3
P100000124067,cement,3,33,26,1.5693939393939393,3.17
P100000124067,cement,4,29,25,1.5510344827586207,2.64
P100000124067,cement,5,15,12,1.7113333333333332,2.95
P100000124067,cement,7,4,4,1.2149999999999999,1.37
P100000124067,cement,8,3,3,1.2266666666666668,1.73
P100000124067,cement,9,8,7,1.40375,3.81
P100000124067,cement,10,13,12,1.2630769230769232,1.68
P100000124067,cement,11,22,19,1.4272727272727272,2.06
P100000124067,cement,12,35,26,1.350857142857143,2.48
P100000124068,cement,1,24,17,1.2041666666666666,1.78
P100000124068,cement,2,18,13,1.2294444444444443,1.97
P100000124068,cement,3,29,18,1.4237931034482758,3.17
P100000124068,cement,4,16,11,1.68625,2.68
P100000124068,cement,5,7,5,1.552857142857143,2.58
P100000124068,cement,6,2,2,2.115,2.68
P100000124068,cement,7,2,2,0.8899999999999999,1.21
P100000124068,cement,8,11,9,1.2845454545454547,2.37
P100000124068,cement,9,15,10,1.602,2.65
P100000124068,cement,10,16,11,1.396875,2.37
P100000124068,cement,11,29,16,1.3020689655172413,2.2
P100000124068,cement,12,27,15,1.2085185185185185,2.07
P100000124069,cement,1,14,14,0.9614285714285715,1.17
P100000124069,cement,2,15,13,0.9066666666666666,1.38
P100000124069,cement,3,9,8,0.9188888888888889,1.34
P100000124069,cement,4,5,5,1.166,1.87
P100000124069,cement,5,4,4,1.7675,3.71
P100000124069,cement,6,1,1,1.03,1.03
P100000124069,cement,8,2,2,0.6599999999999999,0.75
P100000124069,cement,9,5,5,0.844,1.16
P100000124069,cement,10,4,4,0.7625,0.92
P100000124069,cement,11,12,12,0.8966666666666666,1.28
P100000124069,cement,12,19,19,0.8615789473684211,1.77
P100000124070,cement,1,11,11,1.531818181818182,2.01
P100000124070,cement,2,7,7,1.6600000000000001,2.84
P100000124070,cement,3,6,6,1.6783333333333335,1.98
P100000124070,cement,4,7,7,1.7442857142857144,2.1
P100000124070,cement,5,1,1,2.21,2.21
P100000124070,cement,6,1,1,2.68,2.68
P100000124070,cement,8,1,1,0.88,0.88
P100000124070,cement,9,3,3,1.1966666666666665,1.61
P100000124070,cement,10,2,2,0.64,0.88
P100000124070,cement,11,6,6,0.975,1.35
P100000124070,cement,12,5,4,1.268,2.08
P100000124071,cement,3,1,1,1.12,1.12
P100000124071,cement,12,1,1,0.23,0.23
P100000124072,cement,1,17,15,1.1764705882352942,1.9
P100000124072,cement,2,24,20,1.1520833333333333,1.94
P100000124072,cement,3,10,9,1.306,2.04
P100000124072,cement,4,2,2,1.15,1.33
P100000124072,cement,5,1,1,0.77,0.77
P100000124072,cement,6,1,1,2.05,2.05
P100000124072,cement,8,1,1,1.49,1.49
P100000124072,cement,10,1,1,1.07,1.07
P100000124072,cement,11,14,13,1.025,1.79
P100000124072,cement,12,10,9,1.426,3.62
P100000124073,cement,1,5,5,0.6940000000000001,0.87
P100000124073,cement,2,2,2,0.7050000000000001,0.76
P100000124073,cement,3,5,4,0.508,0.84
P100000124073,cement,4,5,5,0.666,1.04
P100000124073,cement,5,4,4,0.7575000000000001,0.87
P100000124073,cement,6,1,1,1.01,1.01
P100000124073,cement,10,5,5,0.7939999999999999,0.91
P100000124073,cement,11,2,2,0.47,0.49
P100000124073,cement,12,3,3,0.53,0.56
P100000124074,cement,1,42,27,1.3873809523809524,2.71
P100000124074,cement,2,27,22,1.482962962962963,2.4
P100000124074,cement,3,35,22,1.5705714285714285,2.55
P100000124074,cement,4,21,17,1.8199999999999998,2.89
P100000124074,cement,5,2,2,0.9299999999999999,0.97
P100000124074,cement,6,4,4,1.17,1.34
P100000124074,cement,9,3,3,0.79,1.14
P100000124074,cement,10,29,19,1.2848275862068965,2.14
P100000124074,cement,11,37,24,1.2635135135135136,2.13
P100000124074,cement,12,18,14,1.0811111111111111,1.98
P100000124078,cement,3,2,2,3.0500000000000003,5.07
P100000124078,cement,12,2,1,5.5,7.68
P100000124082,cement,3,2,1,6.85,6.85
P100000124084,cement,6,1,1,4.56,4.56
P100000124088,cement,1,1,1,1.31,1.31
P100000124088,cement,2,1,1,1.0,1.0
P100000124088,cement,3,1,1,1.09,1.09
P100000124088,cement,9,2,2,1.115,1.38
P100000124088,cement,10,1,1,1.61,1.61
P100000124091,cement,1,1,1,3.53,3.53
P100000124092,cement,4,3,3,6.56,8.26
P100000124096,cement,11,1,1,1.49,1.49
P100000124097,cement,1,4,4,0.87,1.26
P100000124097,cement,2,2,1,8.94,8.94
P100000124097,cement,11,1,1,0.59,0.59
P100000124097,cement,12,2,2,0.6,0.63
P100000124098,cement,1,7,6,0.45285714285714285,0.58
P100000124098,cement,2,4,4,0.465,0.58
P100000124098,cement,3,9,9,0.7755555555555556,0.95
P100000124098,cement,4,1,1,1.36,1.36
P100000124098,cement,8,1,1,1.25,1.25
P100000124098,cement,9,1,1,0.74,0.74
P100000124098,cement,10,5,5,1.016,1.37
P100000124098,cement,11,9,9,0.6288888888888889,1.12
P100000124098,cement,12,15,14,0.7793333333333333,1.05
P100000124100,cement,3,1,1,1.01,1.01
P100000124100,cement,5,1,1,0.75,0.75
P100000124106,cement,2,1,1,2.48,2.48
P100000124107,cement,1,6,6,0.5333333333333333,0.68
P100000124107,cement,2,1,1,0.58,0.58
P100000124107,cement,3,2,2,0.7050000000000001,1.01
P100000124107,cement,5,1,1,0.75,0.75
P100000124107,cement,9,1,1,0.64,0.64
P100000124107,cement,10,4,4,0.685,0.79
P100000124107,cement,11,1,1,0.49,0.49
P100000124107,cement,12,6,6,0.5816666666666667,0.67
P100000124109,cement,2,1,1,3.62,3.62
P100000124110,cement,1,2,2,0.49,0.57
P100000124110,cement,2,5,5,0.6300000000000001,0.8
P100000124110,cement,3,2,2,0.8200000000000001,0.89
P100000124110,cement,4,2,2,1.17,1.27
P100000124110,cement,5,4,4,0.8525,1.09
P100000124110,cement,6,1,1,2.05,2.05
P100000124110,cement,7,1,1,2.24,2.24
P100000124110,cement,8,1,1,0.67,0.67
P100000124110,cement,9,1,1,1.03,1.03
P100000124110,cement,10,4,4,1.2725,2.0
P100000124110,cement,11,9,9,0.7644444444444445,1.05
P100000124110,cement,12,5,5,0.9179999999999999,1.04
P100000124112,cement,3,3,3,4.176666666666667,8.21
P100000124112,cement,5,1,1,18.49,18.49
P100000124117,cement,2,2,1,5.65,5.65
P100000124117,cement,4,1,1,3.4,3.4
P100000124118,cement,1,7,7,0.777142857142857,1.17
P100000124118,cement,2,4,4,0.86,1.33
P100000124118,cement,3,3,3,1.07,1.23
P100000124118,cement,4,4,4,1.295,1.91
P100000124118,cement,5,2,2,0.95,1.42
P100000124118,cement,6,1,1,1.37,1.37
P100000124118,cement,8,4,4,1.335,1.89
P100000124118,cement,9,4,4,1.0825,1.49
P100000124118,cement,10,3,2,0.9866666666666667,1.1
P100000124118,cement,11,13,11,0.9353846153846154,1.26
P100000124118,cement,12,16,16,0.988125,1.6
P100000124120,cement,3,2,2,1.96,3.08
P100000124122,cement,2,1,1,2.33,2.33
P100000124123,cement,1,8,7,0.8075,1.22
P100000124123,cement,2,7,7,1.0657142857142856,1.39
P100000124123,cement,3,7,7,1.3528571428571428,1.66
P100000124123,cement,4,3,3,1.5766666666666669,1.95
P100000124123,cement,5,1,1,2.24,2.24
P100000124123,cement,6,1,1,1.28,1.28
P100000124123,cement,8,1,1,2.74,2.74
P100000124123,cement,9,1,1,0.81,0.81
P100000124123,cement,11,1,1,0.97,0.97
P100000124123,cement,12,1,1,0.64,0.64
P100000124124,cement,1,6,6,0.7066666666666667,0.91
P100000124124,cement,2,7,6,0.7642857142857142,1.06
P100000124124,cement,3,14,12,1.5278571428571428,2.25
P100000124124,cement,4,5,4,1.8259999999999998,2.96
P100000124124,cement,5,8,8,1.8075,3.02
P100000124124,cement,6,1,1,1.98,1.98
P100000124124,cement,7,1,1,0.87,0.87
P100000124124,cement,9,7,5,1.8942857142857144,2.6
P100000124124,cement,10,10,7,1.6179999999999999,2.55
P100000124124,cement,11,21,16,1.259047619047619,2.11
P100000124124,cement,12,23,15,1.4260869565217391,2.91
P100000124125,cement,1,1,1,0.53,0.53
P100000124125,cement,2,1,1,0.47,0.47
P100000124125,cement,9,1,1,0.27,0.27
P100000124125,cement,10,1,1,0.77,0.77
P100000124125,cement,12,2,2,0.495,0.57
P100000124130,cement,3,2,1,10.995000000000001,11.49
P100000124132,cement,1,3,3,0.48,0.69
P100000124132,cement,2,2,2,0.645,0.75
P100000124132,cement,7,1,1,1.48,1.48
P100000124132,cement,9,2,2,1.495,1.75
P100000124132,cement,10,3,3,1.4666666666666668,1.59
P100000124132,cement,11,6,6,0.9,1.76
P100000124132,cement,12,6,6,0.5016666666666666,0.67
P100000124134,cement,1,6,6,0.8816666666666667,1.22
P100000124134,cement,2,6,6,1.2416666666666667,1.46
P100000124134,cement,3,3,3,0.9066666666666666,1.15
P100000124134,cement,4,3,3,1.79,2.12
P100000124134,cement,5,1,1,1.06,1.06
P100000124134,cement,6,1,1,1.47,1.47
P100000124134,cement,7,1,1,0.68,0.68
P100000124134,cement,8,2,2,0.725,0.86
P100000124134,cement,9,3,3,0.7966666666666667,1.12
P100000124134,cement,10,2,2,0.87,1.25
P100000124134,cement,11,8,8,0.88,1.33
P100000124134,cement,12,4,4,0.8574999999999999,1.18
P100000124135,cement,1,42,24,1.572142857142857,2.64
P100000124135,cement,2,35,23,1.6125714285714285,3.01
P100000124135,cement,3,37,26,2.1445945945945946,3.55
P100000124135,cement,4,26,16,2.268846153846154,4.17
P100000124135,cement,5,4,4,1.8725,2.54
P100000124135,cement,6,1,1,1.88,1.88
P100000124135,cement,7,2,2,0.855,0.95
P100000124135,cement,9,5,4,0.8220000000000001,1.38
P100000124135,cement,10,14,14,1.5992857142857144,2.66
P100000124135,cement,11,29,24,1.4624137931034482,2.45
P100000124135,cement,12,53,27,1.5169811320754718,2.7
P100000124147,cement,3,1,1,4.6,4.6
P100000124152,cement,5,1,1,1.86,1.86
P100000124158,cement,1,1,1,2.26,2.26
P100000124473,cement,6,1,1,2.86,2.86
P100000124506,cement,1,7,7,0.777142857142857,1.16
P100000124506,cement,2,5,4,0.836,1.13
P100000124506,cement,3,3,3,1.06,1.26
P100000124506,cement,4,1,1,1.36,1.36
P100000124506,cement,5,1,1,1.08,1.08
P100000124506,cement,8,2,2,2.605,4.03
P100000124506,cement,9,2,2,0.6499999999999999,0.72
P100000124506,cement,10,8,7,0.8,1.44
P100000124506,cement,11,2,2,0.6799999999999999,0.71
P100000124506,cement,12,4,4,0.7375,0.94
P100000124507,cement,5,2,1,3.02,3.02
P100000124511,cement,1,3,3,0.5533333333333333,0.59
P100000124511,cement,2,2,2,0.385,0.43
P100000124511,cement,3,2,2,0.6,0.62
P100000124511,cement,10,1,1,0.47,0.47
P100000124511,cement,11,10,8,0.564,0.7
P100000124511,cement,12,7,7,0.63,0.87
P100000124512,cement,6,2,2,5.835,8.5
P100000124512,cement,7,1,1,7.71,7.71
P100000124518,cement,3,1,1,5.5,5.5
P100000124521,cement,12,1,1,3.57,3.57
P100000124524,cement,12,2,2,0.63,0.67
P100000124528,cement,4,1,1,4.14,4.14
P100000124528,cement,6,3,3,2.8000000000000003,4.84
P100000124528,cement,9,2,2,2.645,3.04
P100000124528,cement,10,2,2,4.665,7.36
P100000124528,cement,12,2,1,1.5899999999999999,1.77
P100000124530,cement,4,2,1,14.030000000000001,17.85
P100000124530,cement,11,2,1,3.66,3.66
P100000124530,cement,12,6,5,5.953333333333333,11.57
P100000124532,cement,2,1,1,2.46,2.46
P100000124534,cement,1,7,6,0.5728571428571428,0.83
P100000124534,cement,2,2,2,0.82,0.94
P100000124534,cement,3,1,1,6.74,6.74
P100000124534,cement,4,5,5,2.934,4.68
P100000124534,cement,5,1,1,5.88,5.88
P100000124534,cement,12,5,5,0.584,0.76
P100000124536,cement,4,1,1,0.71,0.71
P100000124537,cement,1,18,16,1.0005555555555556,1.58
P100000124537,cement,2,20,19,1.0535,1.67
P100000124537,cement,3,18,17,1.3483333333333334,2.1
P100000124537,cement,4,9,8,1.5322222222222222,1.85
P100000124537,cement,5,3,3,1.6366666666666667,1.85
P100000124537,cement,7,1,1,0.66,0.66
P100000124537,cement,8,2,2,1.83,2.83
P100000124537,cement,9,4,3,1.0050000000000001,1.74
P100000124537,cement,10,7,7,0.8542857142857143,1.27
P100000124537,cement,11,15,13,0.8353333333333333,1.33
P100000124537,cement,12,18,16,0.8977777777777778,1.29
P100000124538,cement,1,5,5,0.79,1.19
P100000124538,cement,2,3,2,0.6566666666666666,0.77
P100000124538,cement,3,1,1,0.81,0.81
P100000124538,cement,4,1,1,0.5,0.5
P100000124538,cement,5,1,1,0.79,0.79
P100000124538,cement,6,1,1,0.39,0.39
P100000124538,cement,10,2,2,0.42,0.49
P100000124538,cement,11,8,6,0.7125,0.91
P100000124538,cement,12,21,18,0.7771428571428571,1.11
P100000124539,cement,2,7,3,2.64,4.8
P100000124539,cement,3,2,2,0.825,0.84
P100000124539,cement,4,4,3,1.6225,2.17
P100000124541,cement,1,4,4,0.78,0.86
P100000124541,cement,2,3,3,0.6033333333333334,0.69
P100000124541,cement,3,7,5,2.575714285714285,9.77
P100000124541,cement,6,1,1,0.62,0.62
P100000124626,cement,3,1,1,7.36,7.36
P100000124636,cement,12,1,1,1.7,1.7
P100000124637,cement,1,15,14,0.8173333333333334,1.26
P100000124637,cement,2,15,14,0.8013333333333333,1.14
P100000124637,cement,3,11,11,0.9963636363636365,1.35
P100000124637,cement,4,6,6,0.8883333333333333,1.48
P100000124637,cement,5,2,2,1.405,1.52
P100000124637,cement,6,3,3,1.0566666666666666,1.27
P100000124637,cement,7,2,1,0.645,0.66
P100000124637,cement,8,4,4,1.365,2.18
P100000124637,cement,9,5,5,0.892,1.03
P100000124637,cement,10,9,9,0.9411111111111112,1.44
P100000124637,cement,11,8,6,1.0725,1.56
P100000124637,cement,12,16,15,0.963125,1.43
P100000124640,cement,5,2,1,2.625,2.66
P100000124641,cement,4,1,1,6.99,6.99
P100000124722,cement,6,1,1,2.86,2.86
P100000125199,cement,1,1,1,2.39,2.39
P100000125199,cement,2,2,1,2.7150000000000003,4.11
P100000125199,cement,12,2,2,3.535,4.39
P100000125208,cement,4,2,2,0.945,1.13
P100000125215,cement,12,1,1,0.59,0.59
P100000126784,cement,11,1,1,3.22,3.22
P100000126804,cement,3,6,5,4.175,4.96
P100000126804,cement,4,3,2,2.5566666666666666,3.02
P100000126804,cement,12,2,1,3.42,3.42
P100000127201,cement,9,1,1,4.55,4.55
P100000127204,cement,3,1,1,4.43,4.43
P100000127204,cement,4,1,1,11.19,11.19
P100000127205,cement,1,1,1,2.26,2.26
P100000127509,cement,1,1,1,0.65,0.65
P100000127509,cement,2,4,4,0.6725,0.96
P100000127509,cement,3,1,1,0.93,0.93
P100001025672,steel,1,8,8,0.64375,0.9
P100001025672,steel,2,8,7,1.33,6.35
P100001025672,steel,3,5,5,2.774,10.06
P100001025672,steel,11,2,1,0.395,0.54
P100001025672,steel,12,11,11,0.8181818181818182,1.36
P100001025815,steel,1,7,6,0.6628571428571429,0.96
P100001025815,steel,2,3,3,0.66,0.91
P100001025815,steel,3,7,7,2.6471428571428572,8.18
P100001025815,steel,4,2,2,0.71,0.9
P100001025815,steel,10,2,2,0.8049999999999999,0.86
P100001025815,steel,11,2,2,0.5700000000000001,0.66
P100001025815,steel,12,6,5,0.6733333333333333,0.82
P100001025818,steel,1,2,2,0.365,0.4
P100001025818,steel,2,1,1,0.37,0.37
P100001025818,steel,3,1,1,0.75,0.75
P100001025818,steel,4,2,2,0.81,0.96
P100001025818,steel,6,2,2,0.88,0.98
P100001025818,steel,7,1,1,1.07,1.07
P100001025818,steel,8,2,2,1.525,1.88
P100001025818,steel,9,1,1,0.8,0.8
P100001025818,steel,10,4,4,0.8075,1.19
P100001025818,steel,11,17,15,0.6623529411764706,1.21
P100001025818,steel,12,18,16,0.6905555555555556,1.23
P100001025819,steel,1,58,28,1.2222413793103448,2.44
P100001025819,steel,2,44,25,1.2086363636363637,2.02
P100001025819,steel,3,34,23,1.2711764705882354,2.7
P100001025819,steel,4,34,21,1.5982352941176472,3.1
P100001025819,steel,5,21,14,1.301904761904762,2.9
P100001025819,steel,6,12,9,1.6641666666666666,4.93
P100001025819,steel,8,4,4,1.0925,1.27
P100001025819,steel,9,9,9,1.4122222222222223,2.26
P100001025819,steel,10,24,16,1.045,1.64
P100001025819,steel,11,47,26,1.132340425531915,2.32
P100001025819,steel,12,39,23,1.1023076923076924,2.05
P100001025922,steel,1,16,12,1.0725,1.71
P100001025922,steel,2,22,15,1.1954545454545455,1.77
P100001025922,steel,3,18,14,2.3305555555555557,6.75
P100001025922,steel,4,10,8,1.598,2.55
P100001025922,steel,5,7,5,2.2642857142857142,5.06
P100001025922,steel,6,5,4,1.98,3.23
P100001025922,steel,7,1,1,1.47,1.47
P100001025922,steel,8,4,3,1.4825,2.34
P100001025922,steel,9,10,8,1.353,3.02
P100001025922,steel,10,11,8,1.9545454545454546,4.3
P100001025922,steel,11,33,20,1.616969696969697,3.97
P100001025922,steel,12,34,18,1.2814705882352941,3.35
P100001025938,steel,1,1,1,1.2,1.2
P100001045282,steel,1,8,7,1.24375,4.81
P100001045282,steel,2,10,10,0.952,1.34
P100001045282,steel,3,6,6,1.015,1.22
P100001045282,steel,4,7,6,1.2514285714285713,1.75
P100001045282,steel,5,1,1,1.37,1.37
P100001045282,steel,9,1,1,1.06,1.06
P100001045282,steel,10,2,2,0.785,0.79
P100001045282,steel,11,4,3,0.75,0.9
P100001045282,steel,12,10,7,0.743,1.63
P100001045284,steel,1,22,15,0.9695454545454545,1.31
P100001045284,steel,2,2,2,0.8200000000000001,0.83
P100001045284,steel,3,1,1,0.48,0.48
P100001045284,steel,4,1,1,0.74,0.74
P100001045284,steel,5,1,1,1.86,1.86
P100001045284,steel,6,1,1,2.59,2.59
P100001045284,steel,9,2,2,1.085,1.11
P100001045284,steel,10,11,11,1.201818181818182,1.59
P100001045284,steel,11,18,16,0.9244444444444445,1.44
P100001045284,steel,12,12,10,1.0166666666666666,1.52
P100001045296,steel,2,1,1,4.73,4.73
P100001045296,steel,10,9,9,1.0677777777777777,1.53
P100001045296,steel,11,30,24,0.94,1.52
P100001045296,steel,12,24,21,0.9704166666666666,1.5
P100001045317,steel,1,23,14,1.3056521739130436,2.57
P100001045317,steel,2,35,25,1.3137142857142858,2.14
P100001045317,steel,3,35,23,1.660857142857143,2.88
P100001045317,steel,4,25,22,1.9596,3.35
P100001045317,steel,5,32,19,1.636875,3.06
P100001045317,steel,6,17,13,2.105294117647059,5.52
P100001045317,steel,7,4,3,3.5875,5.57
P100001045317,steel,8,2,2,1.9100000000000001,1.96
P100001045317,steel,9,13,9,1.7153846153846155,5.1
P100001045317,steel,10,22,17,1.5313636363636363,2.12
P100001045317,steel,11,11,9,1.1063636363636364,1.97
P100001045317,steel,12,18,13,1.2222222222222223,2.14
P100001061405,steel,2,2,1,5.97,9.02
P100001061405,steel,4,1,1,5.53,5.53
P100001061405,steel,12,1,1,2.93,2.93
P100001062086,steel,3,1,1,11.58,11.58
P100001062088,steel,3,2,1,5.84,6.43
P100001062093,steel,5,1,1,15.6,15.6
